minGap,accel,decel,emergencyDecel,tau,delta,density,sampledSeconds,waitingTime,occupancy,timeLoss,speed,entered,flow,collisions
2.64,2.69,12.91,9.0,1.31,4.61,4.74,563.97,158.04,1.02,301.79,10.45,64.22,50.95,0.0
2.66,3.19,12.28,9.0,0.62,3.03,4.27,450.67,100.94,0.82,187.99,10.86,64.23,53.54,46.0
1.75,3.51,4.34,9.0,0.68,7.03,4.58,449.24,94.26,0.81,184.89,10.98,64.59,52.93,53.0
2.03,2.1,14.05,9.0,1.19,3.78,4.84,613.36,194.63,1.05,349.24,10.2,65.2,48.8,0.0
3.18,3.41,13.1,9.0,0.86,3.57,4.53,482.48,121.08,0.89,220.41,10.81,64.06,53.22,0.0
4.95,3.14,5.98,9.0,1.83,5.9,4.58,617.8,171.15,1.02,355.11,10.06,64.72,48.66,0.0
2.32,4.17,11.0,9.0,1.55,6.29,4.38,550.36,134.76,0.97,284.4,10.61,65.25,50.97,0.0
4.22,5.17,8.32,9.0,0.71,4.12,4.29,484.85,128.87,0.87,216.33,11.07,65.58,53.17,12.0
1.8,1.74,9.34,9.0,1.59,4.97,5.35,793.05,298.33,1.21,523.76,9.74,67.15,44.95,0.0
3.17,5.45,10.44,9.0,1.21,6.19,4.26,463.16,95.16,0.85,197.83,11.02,64.88,53.5,0.0
1.61,4.25,4.59,9.0,1.48,7.76,4.21,481.69,95.3,0.86,221.49,10.6,63.55,51.38,0.0
4.03,3.8,13.76,9.0,0.6,6.54,4.28,463.88,119.15,0.83,196.07,11.19,65.44,53.41,44.0
2.52,5.16,10.55,9.0,1.83,5.09,4.29,516.26,104.34,0.93,256.07,10.49,63.44,51.46,0.0
2.16,5.43,13.0,9.0,0.8,7.35,4.37,491.83,130.71,0.89,222.61,11.21,65.92,53.48,15.0
4.68,4.98,6.3,9.0,1.39,4.88,4.75,557.84,153.99,0.98,293.27,10.58,64.69,51.52,0.0
3.06,1.72,5.41,9.0,1.29,6.32,5.13,758.58,297.0,1.14,488.86,9.79,67.07,45.87,0.0
3.15,2.29,5.33,9.0,0.96,7.39,5.0,689.04,279.02,1.15,421.85,10.25,66.3,48.64,0.0
1.47,5.71,12.93,9.0,1.3,7.39,4.36,492.59,120.88,0.87,222.55,11.04,66.23,52.28,0.0
3.62,1.62,14.29,9.0,1.81,7.32,5.88,1561.61,924.13,1.47,1252.14,9.22,80.85,36.57,0.0
3.01,5.48,9.16,9.0,1.89,2.21,4.57,598.77,151.97,1.03,337.77,10.08,63.95,48.98,0.0
3.55,2.82,11.88,9.0,0.57,5.38,4.36,466.6,121.4,0.86,204.86,10.88,64.02,53.05,62.0
4.8,2.29,11.45,9.0,1.15,5.87,4.96,682.76,265.59,1.09,413.64,10.31,66.82,48.85,0.0
2.36,5.73,6.32,9.0,0.94,4.72,4.4,537.36,158.67,0.97,269.1,10.98,65.63,52.63,0.0
3.02,4.32,4.11,9.0,1.06,6.94,4.55,612.71,213.02,1.08,343.92,10.68,66.62,50.82,0.0
3.68,2.47,5.05,9.0,1.67,3.77,4.81,595.47,160.18,1.01,341.33,9.86,62.12,49.08,0.0
4.65,5.25,9.87,9.0,1.54,5.46,4.38,502.46,111.79,0.91,241.16,10.67,63.84,52.6,0.0
1.48,3.55,7.41,9.0,0.52,5.81,4.19,418.37,75.47,0.75,154.2,11.12,64.5,53.38,111.0
4.18,3.6,13.71,9.0,1.7,5.51,4.66,603.06,163.69,1.0,335.82,10.42,65.79,49.84,0.0
2.35,3.76,11.69,9.0,1.66,7.08,4.57,560.75,137.7,0.98,295.35,10.53,64.95,51.24,0.0
3.66,3.3,12.91,9.0,1.88,6.97,4.75,590.08,151.71,1.01,328.53,10.3,64.11,50.25,0.0
1.26,4.11,8.98,9.0,0.63,6.29,4.15,432.12,83.45,0.78,164.98,11.23,65.26,53.87,85.0
4.0,1.81,7.93,9.0,1.88,2.03,5.22,787.75,272.73,1.15,525.48,9.1,64.84,44.05,0.0
1.98,5.38,12.33,9.0,0.61,2.94,4.28,427.05,78.38,0.76,158.86,11.25,65.45,53.7,47.0
3.71,5.63,12.27,9.0,0.87,6.64,4.63,474.53,115.19,0.86,205.72,11.18,65.67,53.64,0.0
3.7,3.42,12.39,9.0,1.3,6.69,4.6,593.25,181.86,0.99,324.71,10.64,66.44,50.28,0.0
4.66,1.74,10.41,9.0,1.75,2.46,5.32,781.06,272.14,1.14,518.42,9.34,64.98,45.08,0.0
2.01,5.43,12.1,9.0,2.0,7.85,4.51,517.42,122.34,0.95,259.28,10.49,62.91,51.83,0.0
3.44,5.01,11.97,9.0,0.57,3.73,4.18,440.53,95.91,0.78,171.64,11.23,65.73,53.23,41.0
3.72,1.5,10.96,9.0,0.99,4.23,5.13,785.17,341.02,1.07,507.07,9.84,69.54,44.49,0.0
3.76,1.89,11.51,9.0,1.11,6.76,4.91,687.97,268.93,1.11,421.26,10.19,66.49,47.8,0.0
4.1,2.87,8.62,9.0,1.1,4.33,4.52,553.98,163.76,0.98,291.48,10.51,64.34,51.06,0.0
3.17,4.57,13.8,9.0,1.62,2.42,4.37,498.8,102.6,0.89,239.02,10.38,63.53,51.02,0.0
2.8,2.29,4.44,9.0,0.53,5.56,4.34,459.54,107.81,0.84,201.04,10.58,63.26,52.32,58.0
2.81,1.8,7.64,9.0,1.72,5.82,4.97,729.93,248.77,1.12,465.65,9.69,65.73,45.56,0.0
2.7,2.11,10.52,9.0,0.72,2.51,4.53,525.67,148.03,0.91,265.68,10.21,63.75,49.9,12.0
3.12,3.78,11.67,9.0,1.83,6.29,4.3,469.4,85.07,0.85,213.71,10.46,62.41,51.48,0.0
3.1,3.6,6.58,9.0,0.67,4.02,4.16,445.39,93.52,0.81,180.52,10.95,64.68,53.03,17.0
3.08,2.11,8.79,9.0,1.12,2.65,4.72,547.4,154.0,0.99,293.33,10.0,62.1,50.22,0.0
4.76,4.3,6.51,9.0,1.98,5.55,4.64,647.47,181.67,1.05,382.0,10.14,65.5,48.19,0.0
4.9,2.49,5.34,9.0,0.72,2.48,4.66,547.92,174.57,1.0,289.26,10.22,63.36,50.94,0.0
2.39,4.6,12.13,9.0,0.83,6.92,4.22,462.25,106.92,0.86,195.98,11.2,65.07,54.05,0.0
3.26,1.46,10.32,9.0,1.04,6.43,5.3,756.3,325.32,1.17,489.23,9.85,66.62,46.16,0.0
1.94,4.48,11.65,9.0,0.55,3.73,4.32,421.86,79.03,0.77,155.99,11.23,64.95,54.42,82.0
4.99,4.08,10.15,9.0,0.74,2.38,4.35,476.41,123.02,0.87,215.57,10.79,63.78,53.51,1.0
3.48,1.75,7.69,9.0,1.87,4.9,5.46,963.43,419.3,1.28,686.58,9.39,69.47,42.72,0.0
3.75,5.03,13.78,9.0,0.94,6.23,4.23,481.8,119.08,0.87,213.76,11.1,65.59,53.45,0.0
3.01,5.36,7.17,9.0,0.61,6.71,3.98,424.0,81.93,0.76,156.89,11.31,65.26,54.0,43.0
4.41,2.42,4.92,9.0,1.44,5.64,4.66,575.63,158.95,1.02,318.78,10.11,62.86,50.07,0.0
1.51,1.53,5.9,9.0,1.63,3.83,5.23,604.06,156.49,1.01,349.83,9.41,62.48,46.05,0.0
2.82,5.46,5.78,9.0,1.42,3.52,4.14,467.67,87.83,0.84,208.07,10.63,63.36,52.08,0.0
2.84,2.39,6.16,9.0,0.77,5.99,4.95,490.44,127.18,0.9,229.79,10.56,63.81,52.27,4.0
4.87,3.21,5.43,9.0,1.64,2.0,4.51,545.78,127.23,0.97,294.2,9.76,61.09,49.51,0.0
1.78,4.82,12.87,9.0,1.11,6.77,4.51,533.68,147.86,0.96,264.8,11.03,65.81,52.95,0.0
2.48,1.77,10.4,9.0,0.56,6.77,4.58,462.72,108.91,0.84,204.2,10.52,63.2,51.99,77.0
1.34,5.62,11.25,9.0,0.5,3.07,4.01,418.48,75.99,0.75,151.5,11.35,65.24,54.26,129.0
2.29,1.96,6.4,9.0,0.66,4.02,4.32,484.59,118.89,0.86,225.61,10.35,63.44,50.63,36.0
3.2,2.96,6.29,9.0,1.27,4.09,4.3,506.71,117.08,0.9,247.25,10.41,63.5,50.87,0.0
4.03,3.85,5.28,9.0,1.32,2.61,4.35,488.31,102.66,0.87,229.1,10.35,63.35,51.19,0.0
3.68,3.61,12.33,9.0,1.4,3.57,4.6,575.84,165.05,0.98,312.51,10.47,64.48,50.8,0.0
2.32,2.66,8.04,9.0,1.58,6.94,4.83,640.63,194.97,1.11,377.69,10.19,64.89,48.68,0.0
1.71,1.84,4.62,9.0,1.17,4.35,4.71,563.21,152.37,0.98,306.12,9.9,63.07,48.68,0.0
4.45,2.04,11.14,9.0,1.18,6.8,5.36,708.38,283.48,1.1,438.87,10.18,67.19,47.94,0.0
4.03,3.26,13.28,9.0,1.76,5.28,4.74,599.22,165.31,1.01,336.59,10.27,64.46,50.22,0.0
1.66,1.86,10.37,9.0,1.1,6.36,4.88,530.68,141.81,0.96,275.52,10.21,62.52,50.7,0.0
1.36,4.68,8.13,9.0,1.84,3.07,4.2,502.07,112.21,0.89,244.66,10.26,62.67,50.18,0.0
1.67,1.6,13.31,9.0,1.39,3.09,4.91,602.67,167.09,1.03,346.05,9.67,63.14,47.13,0.0
2.15,1.92,11.8,9.0,0.54,3.02,4.51,462.31,103.8,0.83,203.99,10.35,63.06,51.37,75.0
1.37,4.75,8.61,9.0,1.9,3.52,4.24,517.61,120.02,0.91,257.96,10.31,63.42,50.3,0.0
3.88,4.89,12.66,9.0,1.95,7.09,4.73,636.3,176.03,1.07,370.29,10.33,65.63,49.88,0.0
3.17,1.83,13.81,9.0,1.59,2.57,5.59,728.49,254.84,1.12,464.28,9.51,65.47,45.92,0.0
2.22,1.78,13.59,9.0,1.68,3.58,4.8,646.25,188.38,1.05,385.88,9.71,64.44,46.42,0.0
1.73,3.39,4.58,9.0,1.3,6.31,4.29,486.07,104.58,0.87,227.17,10.52,63.29,51.47,0.0
4.3,4.71,11.45,9.0,1.26,2.44,4.91,658.86,233.14,1.09,389.77,10.47,66.26,50.35,0.0
3.03,1.61,12.9,9.0,1.08,7.12,4.99,641.22,228.86,1.03,377.81,10.1,65.37,47.97,0.0
1.8,4.61,14.42,9.0,0.99,5.62,4.3,453.54,93.62,0.83,187.77,11.12,65.02,53.99,0.0
2.2,4.74,11.22,9.0,1.99,5.42,4.72,505.29,98.33,0.91,247.17,10.41,62.94,51.16,0.0
2.43,3.41,13.65,9.0,1.28,3.84,4.73,451.67,84.27,0.84,194.31,10.64,62.89,52.57,0.0
4.15,5.08,4.45,9.0,0.63,7.19,4.32,442.08,96.43,0.79,175.27,11.17,65.13,53.5,20.0
4.02,5.45,14.43,9.0,0.74,7.35,4.32,478.36,128.0,0.88,210.42,11.26,65.43,54.45,13.0
1.88,1.72,13.89,9.0,1.92,4.28,4.84,621.85,166.33,1.04,363.93,9.63,63.66,46.84,0.0
1.89,4.39,12.38,9.0,1.77,2.33,4.87,537.12,116.65,0.93,275.98,10.19,63.88,49.93,0.0
4.16,3.81,11.66,9.0,1.44,7.15,4.57,557.53,147.9,0.97,290.12,10.67,65.61,51.48,0.0
2.3,4.48,13.27,9.0,0.72,7.14,4.26,450.93,101.88,0.83,183.95,11.24,65.21,54.6,34.0
3.82,4.36,12.26,9.0,0.92,7.28,4.22,476.71,115.67,0.84,209.09,11.05,65.62,52.68,0.0
2.54,5.41,13.95,9.0,0.51,3.0,4.3,429.8,86.28,0.78,161.52,11.33,65.52,54.54,92.0
4.38,3.8,8.0,9.0,0.7,3.36,4.57,534.86,169.99,0.97,267.2,10.84,65.39,52.68,14.0
2.74,2.4,14.26,9.0,1.16,6.96,4.5,526.14,138.73,0.94,264.15,10.6,64.1,51.82,0.0
4.83,3.9,8.65,9.0,1.62,5.63,4.42,524.99,124.43,0.96,267.63,10.45,62.97,51.59,0.0
1.62,1.94,12.3,9.0,1.35,2.44,5.03,659.1,207.31,1.08,395.82,9.77,65.08,46.83,0.0
3.28,1.71,9.79,9.0,1.9,6.12,5.23,783.02,285.9,1.13,514.77,9.61,66.73,45.14,0.0
3.14,1.59,7.55,9.0,1.89,5.27,5.26,936.8,395.14,1.19,658.33,9.39,70.31,41.96,0.0
1.47,3.31,11.77,9.0,1.8,2.82,4.5,560.93,130.11,0.98,303.44,10.04,62.95,48.97,0.0
2.88,4.34,6.98,9.0,1.7,6.13,4.14,449.74,73.09,0.81,191.34,10.54,63.06,51.49,0.0
2.16,4.69,10.83,9.0,1.73,5.59,4.31,492.43,96.42,0.88,231.54,10.59,63.67,51.87,0.0
2.45,3.61,14.45,9.0,0.87,5.62,4.41,474.43,111.49,0.86,207.64,11.03,65.27,52.69,0.0
1.44,5.63,10.22,9.0,1.37,3.54,4.09,456.62,93.31,0.83,194.76,10.78,63.96,52.5,0.0
3.67,2.02,10.82,9.0,1.57,3.45,5.18,662.13,216.02,1.04,397.32,9.8,65.76,47.05,0.0
3.59,5.22,8.0,9.0,1.41,7.72,5.07,597.37,180.96,1.07,327.65,10.68,66.46,51.32,0.0
2.52,5.1,12.08,9.0,1.1,4.99,4.63,487.42,112.14,0.87,218.49,11.05,65.76,53.29,0.0
4.42,2.9,8.26,9.0,1.43,3.92,5.23,740.69,289.31,1.2,472.28,10.13,66.47,48.52,0.0
3.53,5.55,11.05,9.0,0.88,5.58,4.54,550.12,174.32,1.0,278.22,11.07,66.72,52.61,0.0
3.07,3.04,10.79,9.0,1.94,7.05,4.77,614.81,164.72,1.04,352.09,10.19,64.5,49.25,0.0
4.99,4.95,10.24,9.0,1.35,5.67,5.08,625.07,208.92,1.12,355.88,10.63,66.12,51.77,0.0
1.33,3.04,9.45,9.0,0.81,3.57,4.32,480.79,112.58,0.85,215.58,10.73,64.93,51.84,9.0
2.08,5.69,6.1,9.0,0.85,7.79,4.18,488.85,123.26,0.87,219.26,11.18,66.0,52.94,1.0
2.87,5.74,11.01,9.0,1.86,7.69,4.09,472.47,83.16,0.86,212.24,10.65,63.47,52.06,0.0
2.24,5.29,8.03,9.0,0.58,4.83,4.15,428.13,80.19,0.76,158.09,11.29,66.0,53.74,81.0
2.68,2.97,7.48,9.0,1.84,2.9,4.78,521.61,107.87,0.93,268.53,9.91,61.74,49.42,0.0
3.83,1.78,6.31,9.0,1.13,2.66,5.36,727.3,287.38,1.11,462.63,9.65,65.53,46.24,0.0
4.3,1.47,11.45,9.0,1.17,2.62,5.7,839.76,385.18,1.23,573.74,9.39,66.5,44.48,0.0
1.35,4.47,3.99,9.0,1.46,5.74,4.26,485.73,105.06,0.87,226.11,10.54,63.42,51.6,0.0
3.93,2.11,11.03,9.0,1.17,7.24,4.83,653.26,237.08,1.03,384.9,10.31,66.68,48.47,0.0
1.76,5.38,14.46,9.0,0.91,6.43,4.26,465.47,106.25,0.85,198.0,11.21,65.37,53.58,0.0
1.51,2.99,12.27,9.0,1.5,3.67,4.76,582.04,155.38,1.01,317.67,10.33,64.85,49.91,0.0
2.35,5.14,4.92,9.0,1.59,6.3,4.27,463.38,83.28,0.84,205.24,10.6,62.97,52.14,0.0
1.98,5.26,14.1,9.0,1.04,4.22,4.27,506.12,131.13,0.91,239.39,11.02,65.22,53.03,0.0
1.67,3.21,6.89,9.0,1.41,7.58,4.41,495.97,106.55,0.88,236.2,10.58,63.62,51.54,0.0
4.15,2.11,12.62,9.0,1.39,5.83,4.9,645.03,217.95,1.07,379.82,10.19,65.63,48.97,0.0
4.96,2.31,12.53,9.0,1.9,2.89,5.24,797.3,298.3,1.21,528.79,9.54,66.68,45.51,0.0
1.58,4.45,8.06,9.0,1.5,5.37,4.94,562.46,148.66,0.98,296.8,10.53,65.26,50.63,0.0
3.88,5.14,6.76,9.0,2.0,6.59,4.6,677.57,203.67,1.08,410.71,10.2,65.81,48.04,0.0
2.63,4.27,12.46,9.0,1.37,3.93,4.55,588.11,169.04,1.03,320.27,10.67,65.7,51.18,0.0
3.09,4.94,8.39,9.0,1.67,2.03,4.42,564.27,136.51,1.01,304.25,10.18,63.43,50.2,0.0
4.66,5.21,14.23,9.0,1.81,6.75,4.88,579.53,152.32,1.03,318.55,10.48,63.69,51.5,0.0
3.74,4.37,9.31,9.0,1.71,3.24,4.36,532.91,122.13,0.95,274.97,10.32,62.92,50.81,0.0
3.3,3.51,13.82,9.0,1.61,3.56,4.72,517.16,115.42,0.91,256.08,10.41,63.92,50.63,0.0
4.9,2.65,6.73,9.0,1.7,4.69,4.85,696.45,233.81,1.11,427.54,9.97,66.71,47.34,0.0
4.26,2.38,7.96,9.0,1.03,7.63,4.75,594.71,201.2,1.04,330.87,10.48,65.05,50.57,0.0
2.33,3.94,13.94,9.0,0.94,3.96,4.52,520.02,143.93,0.95,255.13,10.91,64.77,53.17,0.0
3.73,1.98,9.33,9.0,0.58,3.21,4.71,519.17,155.63,0.91,260.79,10.33,63.15,51.64,51.0
2.16,2.21,9.44,9.0,1.8,4.67,4.64,527.58,113.72,0.94,273.38,9.95,62.13,49.38,0.0
1.38,1.6,4.71,9.0,0.98,3.3,4.88,594.96,180.0,1.04,339.41,9.68,62.73,47.91,0.0
4.51,3.26,9.16,9.0,1.92,2.43,4.55,614.14,159.63,1.0,352.49,9.83,64.21,47.94,0.0
1.46,4.4,14.8,9.0,0.59,6.59,4.03,427.81,81.27,0.76,158.97,11.29,65.83,53.3,100.0
4.99,3.5,8.78,9.0,1.65,7.25,4.55,582.51,156.27,1.03,318.21,10.4,64.89,50.16,0.0
4.08,5.71,5.95,9.0,0.7,4.42,4.3,478.62,122.09,0.86,210.03,11.1,65.75,53.25,12.0
4.42,4.11,12.73,9.0,0.88,4.74,4.53,486.34,123.28,0.87,218.81,10.99,65.38,52.91,0.0
4.64,2.91,6.24,9.0,1.3,7.07,4.49,581.09,172.17,0.98,314.69,10.45,65.71,50.1,0.0
1.96,3.42,6.51,9.0,0.83,5.35,4.53,547.27,168.18,0.98,279.62,10.8,65.58,51.9,6.0
2.68,3.94,9.12,9.0,1.69,7.17,4.55,553.75,134.16,0.99,290.77,10.49,64.33,51.23,0.0
3.84,3.34,4.52,9.0,1.16,3.44,4.36,516.81,128.85,0.93,259.85,10.39,62.93,51.48,0.0
1.49,3.99,10.46,9.0,1.9,3.46,4.51,552.22,133.79,0.97,291.13,10.22,63.89,49.83,0.0
4.27,5.78,5.51,9.0,1.52,5.57,5.32,849.58,385.04,1.32,575.1,10.23,68.17,48.55,0.0
4.67,3.8,11.46,9.0,1.94,3.09,4.84,670.86,200.78,1.09,407.29,10.02,64.88,48.45,0.0
4.62,5.25,12.51,9.0,1.71,7.78,4.54,587.26,155.71,1.02,319.91,10.62,65.5,51.24,0.0
1.95,2.15,11.32,9.0,1.15,4.59,4.51,511.66,126.63,0.92,256.45,10.31,62.45,51.01,0.0
4.22,1.55,11.91,9.0,0.73,7.39,5.19,732.75,327.96,1.14,463.22,10.15,67.44,47.8,38.0
4.64,1.63,5.45,9.0,1.17,2.68,5.45,840.2,374.31,1.21,573.83,9.41,66.35,44.82,0.0
4.78,3.23,12.6,9.0,0.8,3.75,4.41,505.47,143.97,0.9,240.92,10.77,64.67,51.95,1.0
2.56,5.44,12.22,9.0,0.98,3.39,4.26,462.15,96.04,0.82,193.19,11.05,65.8,52.98,0.0
2.89,3.07,13.85,9.0,0.69,7.32,4.53,489.32,134.42,0.89,223.9,11.0,64.94,53.17,29.0
1.71,3.13,12.27,9.0,1.1,6.04,4.2,460.38,91.47,0.82,196.15,10.83,64.7,52.19,0.0
1.76,4.19,11.69,9.0,0.65,6.23,4.15,433.89,85.05,0.78,165.87,11.22,65.43,53.26,60.0
4.71,4.36,13.31,9.0,1.61,4.56,4.72,671.12,219.78,1.07,401.48,10.49,66.75,49.23,0.0
3.9,4.01,14.12,9.0,1.97,2.11,4.5,547.85,114.95,0.97,294.04,9.96,61.75,49.58,0.0
2.84,5.78,9.03,9.0,1.0,3.82,4.13,449.64,89.94,0.82,184.43,11.07,64.87,53.82,0.0
4.29,2.71,11.16,9.0,0.56,5.63,4.47,471.7,126.62,0.86,209.23,10.87,64.24,52.9,44.0
1.81,5.66,5.47,9.0,1.48,2.59,4.47,521.32,127.25,0.93,259.3,10.42,64.0,51.13,0.0
2.31,5.61,11.15,9.0,0.67,6.11,4.13,444.18,93.09,0.79,173.28,11.33,66.44,53.65,47.0
4.61,4.54,12.8,9.0,1.9,6.09,4.35,499.09,97.98,0.88,237.07,10.44,63.99,50.91,0.0
2.11,3.26,8.65,9.0,1.44,2.5,4.33,479.18,94.76,0.86,225.23,10.21,62.09,50.58,0.0
3.33,3.29,11.23,9.0,1.45,4.67,4.72,636.8,200.02,1.06,366.53,10.43,67.11,49.16,0.0
3.35,2.3,12.94,9.0,1.98,3.46,5.44,769.98,265.26,1.17,501.44,9.68,66.64,45.72,0.0
2.46,2.38,12.89,9.0,1.81,4.98,4.77,600.77,157.66,1.04,341.98,10.02,63.67,48.44,0.0
3.12,2.5,10.48,9.0,1.99,4.41,4.94,666.83,196.54,1.08,404.65,9.83,64.86,47.07,0.0
2.79,2.95,10.22,9.0,1.9,3.56,4.58,601.13,153.95,1.03,341.99,9.95,63.65,48.36,0.0
3.93,2.14,10.67,9.0,1.79,7.25,5.21,669.0,207.13,1.07,407.48,9.93,64.83,47.75,0.0
4.21,3.29,6.16,9.0,1.05,3.91,4.3,491.77,118.48,0.87,230.43,10.63,63.99,51.73,0.0
2.29,5.1,8.88,9.0,0.51,4.43,4.03,420.5,78.32,0.75,152.44,11.33,65.47,53.97,112.0
4.22,1.83,4.62,9.0,1.41,2.6,4.77,673.76,222.66,1.03,411.02,9.48,64.92,45.83,0.0
4.66,3.71,8.39,9.0,1.45,3.55,5.21,685.65,249.81,1.12,418.28,10.24,65.83,49.63,0.0
4.69,4.55,8.45,9.0,1.82,2.94,4.65,547.48,126.41,0.96,290.28,10.2,62.68,50.62,0.0
1.57,3.41,13.68,9.0,0.6,2.19,4.46,450.08,94.31,0.81,185.83,10.78,64.58,52.29,79.0
2.61,5.16,9.93,9.0,1.18,4.02,4.57,522.77,133.71,0.94,256.36,10.83,65.1,52.53,0.0
3.72,2.34,9.52,9.0,1.32,3.75,4.82,603.99,186.85,1.02,344.47,10.16,63.57,49.84,0.0
2.16,5.79,10.07,9.0,0.64,5.34,4.15,422.22,77.74,0.77,154.8,11.37,65.35,54.75,52.0
3.11,4.61,6.06,9.0,1.32,7.58,4.33,527.17,132.39,0.96,263.85,10.75,64.32,52.54,0.0
3.67,1.55,13.31,9.0,1.05,4.35,5.61,949.62,478.9,1.31,669.56,9.71,70.55,43.82,0.0
2.28,2.18,8.67,9.0,1.26,7.37,4.57,560.15,153.69,0.98,299.04,10.31,64.13,49.79,0.0
3.62,2.07,14.63,9.0,1.78,3.59,5.05,710.28,235.68,1.1,446.2,9.77,65.6,46.78,0.0
4.65,4.56,10.08,9.0,1.22,5.05,4.51,570.66,166.62,0.97,301.14,10.77,66.55,51.34,0.0
1.48,3.41,12.55,9.0,1.6,6.08,4.5,523.68,120.03,0.94,263.71,10.52,63.62,51.35,0.0
3.59,3.04,10.67,9.0,1.61,7.6,4.7,598.88,170.87,1.03,335.09,10.36,64.77,50.08,0.0
3.97,3.01,9.27,9.0,1.05,4.15,4.6,575.16,180.98,1.02,311.26,10.55,64.65,51.19,0.0
1.74,5.74,7.44,9.0,1.81,3.07,4.22,490.56,110.77,0.89,236.07,10.36,61.81,51.26,0.0
2.5,2.84,8.98,9.0,1.74,6.39,4.56,554.98,132.46,1.0,297.72,10.23,63.03,50.06,0.0
4.3,3.18,11.8,9.0,1.74,2.65,4.68,609.26,170.15,1.02,350.25,9.96,63.46,48.88,0.0
1.43,1.66,8.12,9.0,1.3,2.65,5.35,647.25,202.97,1.09,389.16,9.57,63.56,46.67,0.0
2.89,4.08,9.07,9.0,0.84,6.29,4.68,455.84,100.22,0.83,190.24,11.07,64.94,53.79,0.0
1.57,2.78,10.92,9.0,1.69,7.77,4.68,602.76,163.16,1.04,338.89,10.3,64.88,49.53,0.0
3.22,2.22,4.64,9.0,0.64,6.54,4.75,506.54,141.95,0.91,245.57,10.51,63.9,51.45,21.0
1.26,3.56,10.34,9.0,1.02,4.1,4.22,464.33,96.43,0.84,200.71,10.84,64.51,52.52,0.0
1.78,4.82,10.98,9.0,1.83,5.31,4.38,481.98,97.65,0.86,223.25,10.54,63.09,51.31,0.0
1.4,2.2,7.84,9.0,1.0,4.89,4.53,542.86,148.19,0.95,281.26,10.38,64.11,50.2,0.0
3.43,2.23,4.5,9.0,1.16,3.38,4.57,553.23,152.97,0.94,296.84,10.02,62.77,49.62,0.0
4.05,5.13,5.97,9.0,1.95,6.59,4.33,517.13,105.76,0.91,257.1,10.33,63.49,50.87,0.0
4.06,1.5,14.32,9.0,0.63,2.66,5.08,768.8,343.45,1.06,492.53,9.8,69.17,45.04,56.0
1.43,2.68,5.82,9.0,1.7,4.05,4.29,489.15,93.08,0.89,238.33,10.05,61.08,50.24,0.0
4.83,5.08,11.93,9.0,1.46,7.17,4.72,604.99,183.6,1.05,335.84,10.67,66.31,51.42,0.0
1.38,4.79,7.1,9.0,1.86,6.41,4.22,480.36,101.96,0.88,222.79,10.48,62.8,51.57,0.0
3.68,5.8,14.36,9.0,1.45,4.77,4.26,484.41,101.53,0.88,221.92,10.84,64.13,53.02,0.0
2.53,5.19,9.06,9.0,1.54,7.66,4.23,482.25,96.57,0.86,218.43,10.79,64.46,52.26,0.0
2.98,2.7,6.82,9.0,0.53,4.08,4.59,451.28,101.19,0.8,187.59,10.75,64.58,51.58,69.0
3.22,5.3,5.24,9.0,0.87,2.7,4.27,497.52,124.37,0.87,230.26,10.81,65.38,52.27,0.0
4.96,1.89,10.09,9.0,1.53,6.76,5.44,757.84,304.08,1.17,489.3,9.88,66.8,46.79,0.0
2.39,5.35,4.71,9.0,1.78,3.36,4.35,517.7,104.26,0.96,261.33,10.27,62.29,51.18,0.0
3.4,5.41,4.75,9.0,1.18,2.37,4.24,477.03,98.25,0.86,217.89,10.56,63.29,52.3,0.0
3.58,1.7,11.32,9.0,1.01,2.25,5.25,660.27,241.43,1.07,400.15,9.67,64.16,47.18,0.0
4.86,4.51,8.64,9.0,0.71,4.83,4.46,467.17,117.67,0.85,201.4,11.09,64.94,53.87,8.0
1.64,2.7,14.86,9.0,0.88,4.18,4.55,524.81,146.4,0.93,260.27,10.68,64.69,51.78,3.0
4.46,1.78,5.56,9.0,1.21,7.49,4.95,679.21,253.45,1.07,414.06,9.99,66.04,47.41,0.0
2.1,3.06,4.04,9.0,0.62,5.5,4.18,438.72,84.14,0.78,175.25,10.86,64.54,52.35,38.0
2.35,2.1,14.0,9.0,1.13,5.09,4.75,589.98,181.18,1.02,326.59,10.33,64.9,50.19,0.0
3.95,3.72,8.32,9.0,0.62,6.32,4.28,455.27,107.01,0.82,187.19,11.11,65.44,53.31,33.0
4.3,3.28,13.95,9.0,1.68,5.26,4.52,580.2,153.44,0.97,314.54,10.36,65.21,50.07,0.0
1.51,4.88,10.98,9.0,0.59,6.57,4.62,421.76,78.54,0.77,154.94,11.32,65.17,54.19,90.0
1.41,2.93,5.42,9.0,0.52,4.77,4.1,419.53,72.66,0.75,158.5,10.88,63.87,52.52,98.0
2.5,3.21,12.68,9.0,1.38,4.88,4.49,527.11,128.67,0.96,267.67,10.55,63.45,51.48,0.0
4.15,3.1,14.91,9.0,1.14,3.88,4.59,563.3,168.62,0.98,296.58,10.58,65.48,51.06,0.0
3.95,1.55,5.85,9.0,1.31,6.08,4.94,695.02,247.77,1.07,431.95,9.77,65.31,46.51,0.0
1.84,4.37,13.68,9.0,1.73,6.37,4.91,512.25,111.24,0.91,250.06,10.6,64.01,51.63,0.0
2.14,5.62,7.39,9.0,1.55,5.99,4.13,478.44,94.98,0.86,215.68,10.76,64.11,52.37,0.0
1.8,5.52,3.83,9.0,1.73,3.51,4.6,490.87,103.04,0.86,232.11,10.3,62.93,50.37,0.0
3.02,3.89,9.79,9.0,0.92,2.01,4.36,489.81,119.3,0.89,230.04,10.55,63.48,52.19,0.0
2.24,3.93,3.98,9.0,1.5,7.19,4.73,493.62,101.45,0.88,234.32,10.48,63.32,51.16,0.0
2.05,5.77,13.11,9.0,1.17,6.13,4.16,468.72,100.75,0.85,201.34,11.13,65.43,53.52,0.0
2.4,3.16,9.57,9.0,0.9,2.95,4.4,518.1,139.52,0.92,254.07,10.62,64.67,51.42,0.0
4.56,2.69,13.07,9.0,0.97,6.78,4.53,521.99,151.94,0.93,259.28,10.69,64.62,51.47,0.0
4.01,1.77,7.66,9.0,1.22,3.91,4.92,660.47,234.88,1.08,397.49,9.85,65.05,47.58,0.0
3.59,5.52,6.06,9.0,1.26,7.59,4.23,497.4,112.54,0.89,230.29,10.92,65.29,52.71,0.0
2.97,1.77,10.45,9.0,1.73,7.19,5.04,709.39,235.21,1.08,443.5,9.8,66.17,46.35,0.0
4.15,3.62,10.43,9.0,1.79,2.05,4.92,561.72,137.04,0.96,308.14,9.87,61.73,49.46,0.0
2.12,3.78,5.27,9.0,1.4,5.41,4.19,476.48,94.3,0.85,216.78,10.57,63.56,51.41,0.0
4.23,2.59,7.91,9.0,1.51,2.83,4.8,638.92,194.14,1.02,373.81,9.99,65.26,47.65,0.0
3.88,4.03,14.39,9.0,1.87,6.78,4.66,587.15,148.11,1.01,323.12,10.37,64.72,50.51,0.0
2.52,2.21,5.69,9.0,1.34,2.83,5.0,508.18,111.04,0.92,256.83,9.92,61.07,50.37,0.0
4.43,1.53,5.45,9.0,1.55,2.31,5.27,776.54,274.19,1.1,513.87,9.11,64.99,43.8,0.0
3.12,5.54,13.72,9.0,0.71,3.69,4.32,499.65,139.53,0.88,229.5,11.15,66.3,53.04,29.0
3.23,4.27,13.85,9.0,1.0,5.68,4.4,507.31,135.59,0.92,241.48,10.99,64.98,52.92,0.0
4.66,4.74,12.62,9.0,1.37,3.36,4.52,535.9,133.49,0.94,270.05,10.64,65.04,51.8,0.0
3.83,5.39,5.75,9.0,1.63,2.77,4.74,536.5,125.13,0.96,279.01,10.27,62.73,50.95,0.0
2.93,3.32,13.59,9.0,0.72,6.0,4.36,487.77,131.19,0.89,222.14,11.0,64.87,53.56,15.0
2.21,5.75,10.29,9.0,0.95,4.52,4.35,448.69,93.01,0.83,183.91,11.17,64.78,54.28,0.0
2.69,5.71,5.09,9.0,0.9,6.57,4.2,525.08,147.44,0.92,254.51,10.99,67.01,51.73,0.0
1.82,3.14,5.15,9.0,0.97,3.88,4.27,486.71,114.22,0.87,226.28,10.59,63.76,51.67,0.0
4.63,4.26,8.05,9.0,1.56,2.68,4.65,539.92,129.74,0.95,280.98,10.28,63.29,51.03,0.0
4.95,3.82,10.34,9.0,1.31,7.59,4.46,566.43,162.63,0.99,297.97,10.7,66.58,50.9,0.0
4.48,5.08,6.83,9.0,1.94,6.12,4.22,538.38,114.65,0.95,278.45,10.33,63.45,50.68,0.0
1.94,4.47,10.98,9.0,1.27,3.47,4.73,580.55,167.82,1.03,312.77,10.69,65.64,51.25,0.0
3.26,3.8,10.87,9.0,1.04,7.22,4.64,564.85,177.59,1.03,297.31,10.86,65.57,52.35,0.0
4.17,5.37,6.04,9.0,1.42,4.64,4.24,474.86,94.59,0.85,214.44,10.71,63.6,52.39,0.0
4.0,4.75,10.93,9.0,1.28,4.55,4.44,524.21,134.52,0.96,260.94,10.8,64.31,53.16,0.0
2.47,4.3,10.38,9.0,1.61,4.89,4.11,458.56,78.99,0.82,197.71,10.65,63.7,51.99,0.0
1.88,2.32,10.05,9.0,1.6,6.03,4.57,566.54,147.88,1.0,308.63,10.17,63.32,49.44,0.0
3.93,3.41,7.51,9.0,1.23,4.0,4.79,528.54,137.82,0.95,267.71,10.53,63.77,52.02,0.0
3.24,1.58,4.35,9.0,0.81,3.73,4.84,597.42,198.12,0.98,339.88,9.8,63.17,48.69,1.0
3.91,2.45,12.99,9.0,0.51,3.61,4.54,489.77,139.51,0.89,228.92,10.63,63.89,52.36,57.0
3.68,4.29,9.71,9.0,0.56,7.31,4.4,452.98,107.95,0.79,182.82,11.2,66.34,52.95,74.0
3.54,3.89,8.94,9.0,1.66,4.5,4.57,596.67,165.11,0.98,332.31,10.36,64.92,49.93,0.0
1.68,4.85,9.57,9.0,0.55,5.09,4.08,418.5,73.56,0.76,150.73,11.31,65.38,54.33,95.0
4.43,4.02,11.12,9.0,1.62,4.59,4.77,586.02,155.11,0.99,318.93,10.44,65.6,50.09,0.0
2.01,1.46,11.41,9.0,1.32,7.94,5.19,701.52,249.83,1.12,437.56,9.82,65.74,46.03,0.0
3.59,4.32,10.72,9.0,1.68,6.71,4.69,508.91,110.86,0.92,248.35,10.58,63.63,51.8,0.0
3.83,2.73,14.02,9.0,1.57,2.98,4.8,604.74,171.03,1.0,344.0,10.13,63.9,49.27,0.0
4.63,3.77,13.59,9.0,1.11,3.3,4.62,585.48,185.3,0.99,316.53,10.62,66.34,50.68,0.0
2.27,2.91,5.35,9.0,0.62,4.2,4.79,460.89,107.5,0.84,200.78,10.74,63.71,52.66,48.0
2.82,2.48,7.57,9.0,0.71,5.57,4.6,555.99,182.87,1.0,291.41,10.61,65.08,51.35,30.0
4.41,3.35,12.86,9.0,1.21,7.46,4.49,562.62,164.35,0.98,293.85,10.73,66.16,51.49,0.0
1.6,5.7,9.74,9.0,1.86,7.05,4.41,513.69,130.92,0.95,256.09,10.54,62.74,52.01,0.0
2.8,3.09,9.21,9.0,1.01,7.27,4.59,523.28,142.17,0.94,257.55,10.79,65.09,52.27,0.0
3.98,1.45,4.13,9.0,0.74,2.69,5.3,838.75,397.44,1.19,569.11,9.39,67.52,44.12,54.0
2.19,5.53,7.24,9.0,1.9,7.57,4.39,526.34,121.67,0.94,266.21,10.48,63.47,51.18,0.0
4.44,2.35,12.64,9.0,1.28,7.88,4.89,605.44,193.21,0.99,337.24,10.38,66.32,49.44,0.0
3.45,2.46,8.81,9.0,1.31,5.73,4.65,591.85,177.46,1.01,328.39,10.34,64.75,50.03,0.0
3.11,2.37,9.54,9.0,1.09,7.69,4.67,543.2,157.56,1.0,283.42,10.49,63.69,51.65,0.0
1.3,2.12,7.08,9.0,1.85,4.9,4.78,554.49,128.24,1.0,302.59,9.8,61.39,49.19,0.0
2.53,2.1,13.3,9.0,0.95,4.41,4.71,570.17,176.83,1.0,307.8,10.36,64.34,50.27,0.0
2.73,4.26,5.51,9.0,0.84,3.3,4.29,458.13,96.07,0.83,193.97,10.86,64.6,53.02,0.0
4.52,4.44,11.24,9.0,1.2,6.11,4.51,575.17,171.76,0.98,304.36,10.84,67.12,51.32,0.0
4.5,2.66,9.54,9.0,0.79,6.38,4.98,580.26,203.62,1.01,311.48,10.66,66.26,51.05,4.0
4.35,1.66,13.94,9.0,0.55,7.56,5.19,697.71,307.52,1.11,426.54,10.35,67.49,48.74,68.0
2.63,1.64,12.47,9.0,1.91,4.06,5.0,723.08,234.07,1.11,459.06,9.51,65.64,45.09,0.0
2.94,5.71,12.52,9.0,1.32,5.51,4.19,482.63,104.93,0.86,216.42,10.96,65.16,52.82,0.0
3.0,4.21,4.47,9.0,1.91,2.8,4.59,639.56,176.53,1.08,378.34,9.88,64.28,47.67,0.0
3.28,3.88,4.65,9.0,0.96,2.24,4.13,459.65,91.31,0.81,199.31,10.52,63.66,51.59,0.0
2.85,5.49,13.54,9.0,1.49,3.51,4.3,497.11,105.58,0.88,231.64,10.71,64.9,52.3,0.0
2.77,3.78,9.22,9.0,1.08,6.77,4.27,488.06,113.11,0.87,221.2,10.94,65.27,52.99,0.0
2.53,4.3,4.93,9.0,0.96,3.92,4.2,506.79,127.79,0.9,242.2,10.77,64.73,52.19,0.0
3.91,4.64,13.1,9.0,1.86,6.3,4.54,463.58,80.74,0.84,204.99,10.54,63.1,51.83,0.0
2.73,4.1,9.13,9.0,0.9,3.67,4.41,511.38,137.83,0.91,244.42,10.9,65.28,52.19,0.0
3.14,5.23,11.46,9.0,0.83,5.56,4.22,456.63,101.62,0.83,188.82,11.22,65.46,54.11,0.0
2.54,4.71,13.19,9.0,1.77,6.8,4.53,540.84,121.42,0.98,278.28,10.56,64.24,51.59,0.0
4.66,2.12,13.91,9.0,1.39,4.02,4.85,633.39,211.43,1.04,369.2,10.13,65.25,48.69,0.0
2.84,5.29,5.9,9.0,1.46,2.25,4.42,541.22,129.24,0.95,279.11,10.32,64.0,50.64,0.0
2.63,4.45,4.24,9.0,1.15,2.32,4.22,501.95,113.89,0.89,241.38,10.46,63.7,51.22,0.0
2.71,5.51,9.52,9.0,1.83,3.47,4.45,541.16,121.33,0.99,281.92,10.33,63.28,50.98,0.0
3.92,3.03,13.36,9.0,1.92,6.21,5.08,745.96,253.2,1.16,474.7,10.08,67.4,47.49,0.0
3.37,2.29,10.08,9.0,0.91,3.82,4.83,589.03,197.81,1.02,326.35,10.37,64.65,50.36,0.0
2.47,4.45,14.5,9.0,0.84,6.66,4.8,471.13,113.17,0.87,204.01,11.19,65.25,53.81,0.0
4.67,2.35,8.12,9.0,1.67,3.86,5.28,758.84,282.62,1.14,488.67,9.8,67.04,46.25,0.0
2.14,2.01,4.05,9.0,1.79,7.7,4.46,515.27,102.78,0.92,264.67,9.85,61.01,49.31,0.0
2.35,5.26,4.05,9.0,1.52,7.27,4.14,493.92,104.11,0.88,233.05,10.6,63.68,51.7,0.0
2.7,2.18,13.94,9.0,0.97,6.26,4.99,600.98,205.0,1.07,337.5,10.49,64.76,51.23,0.0
3.56,5.14,7.07,9.0,0.54,5.15,4.02,434.66,91.9,0.78,167.03,11.25,65.37,53.76,92.0
2.71,5.72,4.2,9.0,1.84,5.72,4.2,511.16,102.54,0.91,251.79,10.37,63.35,50.55,0.0
4.93,1.8,10.12,9.0,1.56,6.14,5.37,890.74,392.76,1.24,616.53,9.76,68.4,45.5,0.0
3.62,1.5,9.79,9.0,1.41,7.46,5.3,1036.53,488.59,1.17,737.78,9.65,76.15,40.6,0.0
2.33,1.54,7.89,9.0,1.94,3.15,4.97,666.04,183.58,1.07,412.47,9.22,62.52,45.37,0.0
1.64,2.67,7.93,9.0,1.96,2.78,4.65,565.78,125.33,0.99,311.51,9.74,62.07,47.98,0.0
2.87,4.31,9.31,9.0,1.98,5.64,4.38,525.68,109.94,0.94,267.15,10.33,63.06,50.59,0.0
2.79,2.54,14.63,9.0,1.72,2.77,4.73,608.8,164.41,1.01,346.99,9.95,64.4,48.06,0.0
2.79,1.9,9.85,9.0,0.7,3.05,4.97,548.76,171.36,0.95,289.65,10.13,63.75,49.49,11.0
1.36,3.98,11.38,9.0,0.89,6.7,4.32,472.9,110.4,0.87,207.19,11.1,64.9,53.34,0.0
3.69,3.97,13.24,9.0,0.6,3.49,4.37,485.02,132.62,0.86,217.31,11.04,65.47,52.82,38.0
4.54,4.73,12.18,9.0,1.24,5.3,4.44,529.16,138.46,0.93,260.55,10.82,65.83,52.34,0.0
4.87,5.12,10.3,9.0,1.19,3.37,4.5,576.47,174.8,1.02,308.33,10.63,65.84,51.06,0.0
4.8,2.19,9.12,9.0,1.33,2.29,4.84,684.14,249.72,1.07,419.48,9.8,65.47,47.03,0.0
4.67,2.02,13.1,9.0,1.27,7.01,5.42,791.66,346.56,1.17,517.01,10.14,68.46,46.76,0.0
2.86,5.09,8.5,9.0,0.89,6.86,4.03,448.18,92.3,0.8,181.38,11.13,65.25,53.18,0.0
3.48,1.63,7.18,9.0,1.12,6.44,5.36,691.71,263.43,1.1,427.16,9.94,65.76,47.08,0.0
3.48,2.44,11.76,9.0,1.19,3.46,4.79,595.07,189.91,1.02,332.7,10.27,64.37,49.89,0.0
1.44,2.49,8.89,9.0,1.35,4.53,4.53,524.38,124.05,0.92,264.36,10.29,63.81,49.76,0.0
1.47,1.98,4.23,9.0,0.99,3.04,4.4,482.1,101.01,0.86,229.67,9.96,61.53,50.11,0.0
2.4,4.1,14.25,9.0,1.93,4.72,4.46,569.8,132.42,1.0,306.53,10.29,64.52,50.09,0.0
3.37,3.95,5.22,9.0,1.76,2.41,4.26,532.97,112.22,0.92,275.48,9.97,62.92,48.9,0.0
1.28,2.58,13.57,9.0,1.13,6.37,4.61,583.07,174.98,1.02,315.66,10.56,65.97,50.23,0.0
3.01,3.49,11.88,9.0,0.58,2.84,4.37,452.88,106.22,0.82,190.43,10.88,64.14,52.97,49.0
1.9,2.81,10.83,9.0,1.22,3.6,4.44,492.25,112.05,0.89,234.87,10.46,62.94,51.77,0.0
2.4,3.18,12.24,9.0,1.91,5.24,4.63,621.34,168.5,1.09,358.97,10.15,64.46,49.08,0.0
4.64,4.28,13.85,9.0,0.56,5.27,4.56,467.56,123.52,0.82,198.86,11.16,66.0,53.26,52.0
2.64,5.02,4.56,9.0,0.75,3.78,4.15,450.29,92.5,0.81,183.92,11.0,65.11,53.15,4.0
3.66,4.31,12.53,9.0,0.8,6.76,4.37,478.26,122.02,0.86,210.35,11.12,65.48,53.16,1.0
3.8,5.24,10.94,9.0,1.75,3.3,4.36,546.78,128.02,0.95,284.89,10.37,64.01,50.78,0.0
4.11,4.4,8.34,9.0,1.09,7.51,4.54,472.19,104.51,0.85,206.42,11.01,65.02,53.52,0.0
4.97,2.03,11.14,9.0,0.76,6.49,5.14,730.87,335.06,1.21,459.23,10.38,67.81,48.84,59.0
1.72,1.99,5.53,9.0,0.75,4.95,4.53,543.35,163.06,0.96,285.17,10.3,63.23,50.46,17.0
2.33,5.14,11.97,9.0,0.85,3.16,4.33,488.03,124.83,0.89,222.6,11.04,64.82,53.69,0.0
2.65,4.15,7.58,9.0,1.02,6.33,4.18,478.93,109.52,0.86,211.9,10.94,65.3,52.92,0.0
3.78,2.66,4.96,9.0,1.23,5.81,4.47,535.72,140.75,0.96,275.77,10.39,63.62,50.58,0.0
4.64,5.59,9.41,9.0,0.75,6.02,4.36,471.84,120.8,0.85,203.47,11.18,65.64,53.9,7.0
3.56,3.48,8.81,9.0,0.54,7.32,4.34,448.71,105.36,0.82,181.63,11.13,65.24,53.63,99.0
3.09,5.55,10.31,9.0,0.61,5.48,4.3,452.68,106.99,0.82,184.2,11.3,65.63,54.07,70.0
3.94,4.16,3.76,9.0,0.55,2.3,4.18,472.37,118.63,0.86,211.18,10.69,63.79,52.79,40.0
2.24,3.69,9.71,9.0,0.52,6.39,4.24,419.07,81.15,0.78,155.54,11.21,64.26,54.93,98.0
2.86,1.68,4.64,9.0,1.95,5.74,4.93,668.23,192.17,1.05,412.04,9.45,63.22,45.74,0.0
3.06,5.14,12.93,9.0,1.1,6.9,4.28,506.57,129.8,0.9,237.55,10.99,65.91,52.61,0.0
4.5,2.74,4.4,9.0,0.72,4.07,4.62,515.2,150.39,0.93,254.18,10.5,63.9,51.49,4.0
1.89,5.68,12.2,9.0,1.13,2.12,4.8,500.67,122.84,0.9,237.3,10.75,64.35,52.76,0.0
3.2,1.72,4.69,9.0,1.99,2.41,5.43,750.25,251.95,1.14,493.42,8.98,63.34,43.95,0.0
3.06,4.8,6.01,9.0,1.03,3.92,4.54,486.59,112.93,0.87,221.73,10.83,64.67,52.42,0.0
1.57,2.14,5.75,9.0,1.82,3.92,4.58,570.7,135.15,0.99,317.6,9.73,61.78,48.11,0.0
3.78,1.76,13.64,9.0,1.87,5.09,5.2,720.53,244.16,1.14,458.99,9.65,64.86,46.61,0.0
3.04,5.39,7.1,9.0,1.92,3.01,4.69,536.08,116.13,0.95,277.57,10.17,63.01,50.0,0.0
2.2,4.65,5.02,9.0,0.84,2.08,4.4,468.55,101.75,0.84,206.09,10.66,64.18,52.09,0.0
3.86,2.95,7.31,9.0,0.63,4.13,4.47,491.11,137.51,0.88,229.27,10.76,64.13,52.6,39.0
3.12,3.63,4.97,9.0,1.71,4.27,4.39,522.59,113.66,0.93,265.44,10.23,62.72,50.49,0.0
3.85,5.46,9.13,9.0,1.41,2.58,4.25,504.58,111.74,0.88,241.25,10.54,64.29,51.53,0.0
4.64,1.81,8.09,9.0,0.93,3.02,5.28,778.38,351.95,1.19,509.52,9.78,67.02,46.27,7.0
3.44,4.04,10.13,9.0,0.55,4.07,4.19,436.81,93.55,0.78,169.59,11.14,65.24,53.56,57.0
1.54,4.69,14.09,9.0,0.53,4.07,4.04,419.1,75.86,0.76,151.93,11.31,65.23,54.27,116.0
3.85,2.66,5.97,9.0,1.45,7.44,4.58,536.77,134.02,0.96,278.82,10.31,63.17,50.85,0.0
2.82,3.68,7.54,9.0,0.65,5.58,4.54,461.85,109.64,0.83,196.02,11.0,64.97,52.95,37.0
2.3,1.59,11.93,9.0,1.53,4.93,5.14,723.7,245.23,1.13,455.73,9.73,66.62,45.76,0.0
4.5,3.81,12.67,9.0,1.84,7.71,4.32,514.95,107.82,0.91,253.16,10.47,64.02,51.14,0.0
2.08,5.7,12.23,9.0,1.2,6.73,4.76,481.67,107.84,0.87,213.75,11.09,65.53,53.48,0.0
4.92,3.25,10.62,9.0,1.91,6.86,5.38,757.76,278.75,1.21,487.89,10.02,67.03,47.51,0.0
1.56,5.15,5.47,9.0,0.63,3.38,4.27,441.77,89.05,0.8,175.82,11.11,65.01,53.35,69.0
1.25,3.99,11.13,9.0,0.88,3.55,4.32,513.72,138.35,0.91,246.39,10.92,65.6,52.16,1.0
2.59,4.29,9.24,9.0,1.61,2.09,5.18,532.07,119.62,0.95,275.85,10.14,62.49,50.19,0.0
2.53,1.5,10.32,9.0,1.88,6.77,5.21,740.07,245.29,1.15,476.64,9.54,65.51,45.26,0.0
4.84,5.31,11.05,9.0,1.5,5.33,4.5,591.57,170.33,1.02,323.62,10.62,66.0,51.11,0.0
3.1,3.5,5.66,9.0,1.52,5.63,4.49,589.78,168.08,1.04,326.03,10.34,64.79,49.77,0.0
3.75,2.84,8.59,9.0,0.7,2.31,4.8,539.1,167.04,0.95,275.23,10.42,64.52,51.16,3.0
1.4,2.96,3.88,9.0,1.57,5.05,4.33,502.73,102.36,0.9,248.32,10.16,62.0,50.29,0.0
1.85,3.04,14.93,9.0,0.64,6.52,4.21,435.47,88.1,0.79,170.28,11.03,64.86,53.12,68.0
2.01,5.03,7.48,9.0,1.12,2.67,4.37,488.16,108.43,0.87,224.18,10.74,64.53,52.15,0.0
3.62,3.54,13.2,9.0,1.74,6.64,4.67,614.23,173.35,1.01,347.1,10.39,65.96,49.74,0.0
4.08,2.41,6.76,9.0,1.57,6.26,4.91,656.47,209.1,1.08,391.61,10.11,65.3,48.58,0.0
3.52,4.9,4.11,9.0,1.02,2.19,4.41,534.14,139.31,0.91,267.67,10.5,65.47,50.41,0.0
2.1,3.32,6.16,9.0,1.5,2.36,4.6,550.44,135.71,0.98,294.89,10.07,62.36,49.86,0.0
2.41,4.25,4.63,9.0,0.76,6.98,4.57,454.67,98.7,0.84,189.43,11.05,64.88,53.46,8.0
3.1,5.4,5.74,9.0,1.62,7.55,4.71,496.48,103.49,0.89,234.45,10.61,63.93,52.01,0.0
4.89,2.43,14.52,9.0,1.35,6.94,5.33,723.83,282.33,1.19,452.17,10.27,67.6,48.53,0.0
1.27,4.02,6.1,9.0,0.9,4.0,4.1,453.7,91.08,0.82,189.47,10.9,64.65,52.75,0.0
2.35,3.66,10.48,9.0,1.91,3.32,4.72,624.85,163.19,1.03,360.92,10.09,65.11,48.32,0.0
1.44,1.71,8.04,9.0,1.25,3.37,4.88,550.46,140.32,0.97,296.51,9.81,62.1,48.93,0.0
3.09,2.59,12.67,9.0,1.68,3.18,4.76,640.94,192.38,1.05,378.6,9.97,64.54,48.23,0.0
3.01,4.39,6.41,9.0,0.96,4.55,4.34,494.61,120.13,0.88,227.52,10.93,65.27,52.74,0.0
4.27,3.32,13.12,9.0,1.24,5.05,4.74,631.95,215.52,1.06,363.36,10.56,66.6,50.26,0.0
3.55,3.21,11.77,9.0,1.22,2.18,4.7,601.32,185.29,1.0,335.92,10.23,65.46,49.28,0.0
3.68,4.04,8.55,9.0,1.83,4.59,4.37,516.87,110.91,0.89,258.97,10.37,62.81,51.11,0.0
2.03,4.65,14.07,9.0,1.04,3.73,4.35,459.88,96.51,0.84,195.9,11.0,64.53,53.54,0.0
2.56,5.55,4.6,9.0,1.7,4.82,4.7,505.91,100.97,0.9,245.64,10.42,63.45,51.21,0.0
2.68,3.16,6.96,9.0,0.85,6.83,4.49,493.18,126.06,0.9,227.87,10.84,64.94,52.78,0.0
3.54,2.13,5.03,9.0,0.89,6.72,5.23,644.06,246.62,1.11,380.43,10.21,65.21,49.38,0.0
4.5,3.97,14.0,9.0,1.96,2.05,4.63,647.3,178.41,1.03,383.7,9.88,65.03,47.38,0.0
3.64,2.07,11.01,9.0,0.81,3.19,5.05,611.49,215.82,1.0,346.78,10.2,65.4,48.76,0.0
2.61,4.25,12.54,9.0,1.42,3.76,4.47,519.07,122.66,0.95,258.3,10.62,63.75,52.06,0.0
2.0,3.32,5.42,9.0,1.01,3.5,4.28,479.99,106.91,0.87,220.74,10.57,63.41,52.0,0.0
3.74,2.55,4.74,9.0,1.71,3.25,4.75,659.24,194.59,1.06,396.28,9.79,64.8,47.26,0.0
4.66,2.96,10.4,9.0,1.52,7.56,5.01,700.4,252.14,1.12,430.26,10.39,67.01,49.04,0.0
1.72,3.39,6.29,9.0,0.64,2.14,4.14,439.87,80.47,0.78,177.38,10.63,64.18,51.89,35.0
3.56,2.72,10.81,9.0,1.45,5.32,4.53,527.92,132.79,0.94,271.13,10.36,62.86,51.24,0.0
1.69,3.82,10.54,9.0,1.59,3.26,4.34,512.61,112.89,0.91,254.16,10.41,63.23,51.01,0.0
3.12,3.94,3.87,9.0,1.99,4.65,4.41,547.09,118.64,0.99,292.64,10.0,61.84,49.69,0.0
2.5,2.4,7.35,9.0,1.56,6.65,4.54,538.43,127.03,0.98,283.7,10.16,62.37,50.44,0.0
2.33,2.92,9.62,9.0,0.71,2.5,4.63,508.08,139.34,0.92,245.48,10.58,64.17,52.02,25.0
3.35,2.04,13.51,9.0,1.51,2.84,5.02,688.17,226.2,1.08,422.59,9.83,65.66,46.83,0.0
3.9,2.7,13.16,9.0,1.36,7.82,4.73,611.16,186.69,1.04,342.23,10.55,66.28,50.58,0.0
2.28,1.7,4.44,9.0,1.46,7.22,4.76,585.26,160.1,1.06,333.49,9.74,61.62,48.58,0.0
2.93,2.29,4.35,9.0,1.16,7.15,5.25,627.63,206.12,1.07,361.27,10.19,65.93,48.51,0.0
4.85,2.69,14.79,9.0,1.98,3.94,4.98,760.79,264.29,1.15,488.97,9.91,67.54,46.24,0.0
2.37,4.83,4.2,9.0,1.92,2.99,4.46,477.35,78.31,0.85,224.17,10.12,61.56,50.15,0.0
2.83,4.64,4.79,9.0,0.92,2.92,4.47,501.31,128.17,0.91,239.17,10.71,64.08,52.59,1.0
1.84,2.06,13.46,9.0,1.29,7.9,4.64,512.84,121.86,0.91,253.74,10.37,63.44,50.66,0.0
2.96,2.93,11.27,9.0,0.81,4.36,4.35,457.37,98.77,0.81,193.14,10.8,64.63,52.18,1.0
3.86,3.56,12.11,9.0,1.27,5.12,4.51,524.85,136.07,0.93,261.5,10.7,64.38,52.26,0.0
4.54,4.66,7.26,9.0,0.92,7.56,4.32,466.91,108.12,0.84,200.35,11.09,65.2,53.62,0.0
1.65,3.67,8.49,9.0,1.25,7.33,4.42,541.62,144.55,0.96,277.15,10.75,64.77,51.9,0.0
1.77,1.6,13.07,9.0,0.73,4.48,4.77,569.92,182.45,0.98,309.73,10.13,64.14,49.35,29.0
2.09,4.54,6.12,9.0,1.26,2.8,4.39,535.26,136.59,0.95,273.38,10.51,64.02,51.31,0.0
1.91,3.52,9.65,9.0,1.43,2.97,4.29,503.38,110.95,0.9,245.37,10.4,63.16,50.88,0.0
3.68,3.8,4.87,9.0,1.25,6.61,4.32,498.23,115.45,0.89,237.6,10.64,63.78,51.76,0.0
1.91,2.13,9.4,9.0,1.26,4.53,4.79,595.13,175.55,1.01,330.77,10.19,65.24,48.62,0.0
3.02,1.81,3.9,9.0,0.59,3.49,4.68,610.05,218.14,1.03,348.69,10.0,64.36,48.58,21.0
4.14,4.11,9.88,9.0,1.28,4.16,4.67,667.94,229.72,1.07,395.37,10.56,67.75,48.98,0.0
2.55,5.28,8.12,9.0,0.82,7.83,4.22,455.7,101.08,0.84,188.81,11.2,65.25,54.1,2.0
4.95,3.52,6.81,9.0,0.57,5.31,4.19,438.79,96.65,0.79,172.94,11.03,64.97,53.78,34.0
3.44,2.28,7.87,9.0,1.21,4.25,4.64,554.51,155.61,0.96,296.14,10.22,63.27,50.09,0.0
3.39,4.36,4.87,9.0,1.89,6.03,4.31,514.8,102.2,0.91,257.75,10.28,62.65,50.25,0.0
4.43,2.96,12.96,9.0,0.9,3.1,4.41,500.06,133.34,0.9,238.43,10.6,64.05,52.52,0.0
1.37,4.17,10.5,9.0,0.52,3.03,4.14,422.87,75.71,0.76,156.73,11.12,65.04,53.67,111.0
4.11,3.54,14.15,9.0,1.5,7.64,4.66,524.46,125.02,0.92,257.83,10.68,65.23,51.8,0.0
3.52,3.67,14.52,9.0,1.52,6.64,4.85,637.97,206.24,1.07,369.55,10.59,66.14,50.99,0.0
4.29,5.35,9.66,9.0,1.87,3.68,4.57,530.22,113.15,0.94,270.91,10.35,63.28,50.88,0.0
1.83,1.53,8.39,9.0,1.52,5.84,5.51,659.48,205.02,1.07,396.58,9.68,65.26,46.14,0.0
1.9,1.6,5.83,9.0,1.03,7.07,4.84,560.1,162.91,1.0,304.79,9.97,62.57,49.25,0.0
2.13,2.31,10.56,9.0,1.87,6.94,5.15,579.88,145.33,1.0,322.31,10.01,63.4,48.75,0.0
3.45,4.59,4.13,9.0,1.58,4.64,4.68,544.91,129.48,0.97,282.4,10.34,64.19,50.42,0.0
4.06,4.66,10.05,9.0,1.43,7.09,4.66,649.26,216.0,1.06,378.63,10.65,67.08,49.86,0.0
1.68,3.12,9.55,9.0,1.44,7.66,4.44,478.05,98.62,0.89,222.75,10.6,62.39,52.03,0.0
1.27,3.03,8.22,9.0,1.5,4.4,4.37,535.56,128.85,0.95,278.18,10.33,62.96,50.5,0.0
2.18,3.21,6.32,9.0,1.3,5.18,4.49,486.7,105.2,0.88,228.79,10.52,63.07,51.43,0.0
4.38,4.1,9.26,9.0,0.8,2.72,4.5,537.17,168.44,0.98,272.77,10.72,64.62,52.54,0.0
1.77,3.01,12.48,9.0,0.58,3.82,4.33,431.15,84.61,0.78,168.75,10.9,64.17,52.97,85.0
3.05,3.96,6.44,9.0,1.55,3.1,4.6,565.86,146.44,1.01,306.81,10.26,63.3,50.57,0.0
3.45,4.57,13.02,9.0,1.8,7.75,4.64,620.54,176.13,1.08,354.84,10.49,65.39,50.25,0.0
4.09,4.87,10.15,9.0,0.81,2.04,4.17,453.32,95.0,0.8,188.67,10.83,64.67,52.33,0.0
3.19,3.24,12.38,9.0,0.96,5.4,4.5,520.45,142.82,0.93,254.3,10.82,65.1,52.43,0.0
2.89,2.57,9.12,9.0,1.89,3.01,4.65,586.37,146.04,1.02,332.3,9.76,62.14,48.18,0.0
3.3,4.16,7.86,9.0,0.74,2.05,4.15,453.69,94.64,0.81,189.67,10.77,64.47,52.61,1.0
1.48,2.52,12.48,9.0,1.1,6.36,4.49,515.16,131.31,0.93,253.78,10.6,64.01,51.76,0.0
1.36,1.65,5.12,9.0,1.0,6.55,4.47,475.7,97.72,0.87,222.7,10.07,61.7,50.98,0.0
2.57,2.76,7.18,9.0,0.55,2.83,4.31,435.88,87.37,0.79,176.94,10.63,63.29,52.46,45.0
3.25,4.6,12.04,9.0,0.79,3.09,4.12,450.04,96.08,0.8,183.72,11.02,65.05,52.51,1.0
4.25,5.3,7.04,9.0,1.05,4.62,4.25,490.43,117.25,0.88,223.33,10.96,65.34,53.49,0.0
2.25,3.53,9.52,9.0,1.24,4.15,4.37,525.59,132.02,0.94,263.52,10.62,64.15,51.46,0.0
3.78,1.86,13.06,9.0,1.52,7.33,5.61,781.77,316.48,1.22,509.75,9.95,67.7,46.56,0.0
1.88,1.84,13.38,9.0,1.79,4.66,4.89,680.71,203.79,1.07,414.36,9.78,66.21,45.65,0.0
1.91,2.11,3.77,9.0,1.87,5.79,4.56,556.17,120.34,0.96,303.28,9.71,61.78,47.9,0.0
4.8,3.63,8.63,9.0,1.89,4.83,4.96,746.2,271.79,1.14,475.09,10.01,67.32,47.26,0.0
1.98,5.64,8.59,9.0,0.81,4.85,4.16,476.93,115.0,0.86,208.71,11.17,65.59,53.3,13.0
4.46,2.45,12.3,9.0,0.78,7.19,4.66,526.96,160.95,0.92,261.06,10.7,65.32,51.31,0.0
1.7,4.28,12.06,9.0,1.24,6.83,4.27,488.45,106.48,0.87,220.44,10.97,65.59,52.9,0.0
4.69,1.78,7.1,9.0,1.71,4.29,5.46,837.96,329.38,1.19,570.94,9.51,66.42,45.27,0.0
3.45,5.42,12.56,9.0,0.55,7.54,4.06,437.68,96.47,0.78,167.34,11.4,66.33,53.8,96.0
2.93,5.13,11.47,9.0,1.17,2.03,4.55,549.15,149.65,0.99,284.78,10.6,64.61,51.86,0.0
3.19,5.23,14.8,9.0,0.78,5.28,4.57,491.22,133.84,0.87,222.99,11.15,65.56,53.02,2.0
4.75,2.61,11.85,9.0,0.64,2.89,4.56,530.4,170.38,0.96,269.54,10.47,63.86,51.58,9.0
1.47,4.25,14.77,9.0,1.8,2.8,4.39,556.03,140.6,0.97,294.03,10.26,64.2,49.69,0.0
4.99,2.24,12.16,9.0,1.36,2.39,4.69,620.33,193.05,1.0,357.18,9.9,64.96,47.6,0.0
4.19,2.83,11.75,9.0,0.89,6.77,4.87,558.23,183.18,0.98,292.76,10.66,65.18,51.61,0.0
4.46,2.88,10.92,9.0,0.58,2.01,4.39,479.97,123.38,0.86,218.7,10.49,63.82,51.57,18.0
4.68,5.6,8.96,9.0,0.77,4.28,4.26,493.72,134.48,0.87,224.4,11.12,65.9,53.15,4.0
3.08,5.33,6.87,9.0,1.48,5.12,4.24,494.89,104.08,0.88,231.24,10.69,64.46,51.89,0.0
3.78,4.44,14.61,9.0,1.24,5.64,4.38,467.02,96.21,0.84,201.34,10.96,65.02,53.71,0.0
2.55,5.71,3.84,9.0,1.11,7.66,4.2,460.13,92.25,0.83,195.91,10.95,64.62,53.36,0.0
3.7,5.42,13.22,9.0,1.27,6.65,4.39,520.89,130.11,0.93,252.2,10.96,65.77,52.82,0.0
3.19,2.95,11.16,9.0,0.78,2.63,4.53,504.98,136.72,0.91,243.02,10.58,64.08,51.8,0.0
4.3,5.43,9.3,9.0,1.24,2.27,4.19,475.88,98.3,0.85,215.18,10.63,63.74,52.32,0.0
2.85,4.27,13.2,9.0,1.41,7.98,4.31,485.86,104.03,0.88,223.0,10.85,64.23,52.65,0.0
1.65,3.95,9.66,9.0,1.13,5.34,4.49,502.2,123.14,0.9,237.73,10.85,64.66,52.33,0.0
3.19,3.29,10.49,9.0,1.06,7.78,4.51,532.41,150.22,0.94,264.96,10.82,65.64,51.81,0.0
2.34,3.69,12.97,9.0,1.33,2.32,4.64,560.07,150.53,1.0,300.8,10.32,63.38,50.46,0.0
3.76,5.52,7.38,9.0,0.6,6.72,4.25,433.94,92.92,0.8,167.47,11.27,65.12,54.45,49.0
1.91,3.03,11.53,9.0,1.27,2.58,4.61,476.21,97.75,0.87,219.76,10.36,62.79,51.45,0.0
4.6,4.78,6.07,9.0,1.35,5.01,4.57,513.14,122.6,0.92,251.58,10.65,63.89,52.25,0.0
1.73,5.53,4.19,9.0,0.75,2.33,4.17,457.28,95.89,0.82,193.05,10.87,64.61,52.62,17.0
2.14,2.82,4.76,9.0,0.63,6.89,4.16,439.68,86.4,0.78,176.96,10.84,64.36,52.37,50.0
2.98,3.01,4.62,9.0,1.18,5.07,4.27,556.88,149.35,0.96,290.06,10.4,65.78,49.76,0.0
3.13,1.79,14.31,9.0,1.74,7.18,5.01,691.89,225.73,1.09,427.27,9.92,65.69,47.09,0.0
1.44,3.13,8.31,9.0,1.7,7.07,4.46,510.49,109.0,0.91,252.4,10.38,63.22,50.42,0.0
4.29,5.77,11.29,9.0,1.29,2.12,5.53,771.21,318.13,1.21,497.42,10.3,67.99,48.8,0.0
4.26,4.1,6.72,9.0,1.06,5.43,4.45,530.62,148.55,0.95,264.38,10.83,65.07,52.58,0.0
3.76,2.44,6.53,9.0,0.79,4.7,4.85,529.1,158.47,0.94,267.91,10.5,63.96,51.52,1.0
3.74,2.65,11.66,9.0,1.48,4.18,4.69,543.41,142.1,0.99,288.61,10.23,62.38,50.74,0.0
4.27,2.32,7.17,9.0,1.17,4.93,5.23,763.77,329.91,1.19,495.87,10.13,66.56,48.08,0.0
5.0,4.01,4.8,9.0,1.24,6.84,4.19,475.46,99.74,0.85,212.03,10.74,64.37,52.3,0.0
3.05,2.73,9.58,9.0,1.09,7.52,4.81,622.09,213.57,1.08,352.22,10.55,66.9,49.92,0.0
3.43,4.94,11.05,9.0,0.7,5.03,4.72,463.74,111.04,0.82,194.2,11.16,66.02,53.16,14.0
3.54,4.13,14.91,9.0,0.91,4.3,4.8,585.43,205.63,1.09,317.73,10.86,65.53,52.45,0.0
2.38,4.34,8.61,9.0,1.85,4.38,4.42,534.34,113.12,0.94,273.03,10.32,63.8,50.15,0.0
2.02,5.29,7.56,9.0,1.82,4.01,4.31,542.74,133.95,0.95,281.68,10.37,63.83,50.54,0.0
1.48,4.63,5.89,9.0,0.54,4.09,3.9,415.66,68.57,0.74,148.72,11.22,65.19,53.67,87.0
4.5,5.39,10.23,9.0,1.51,7.66,4.35,606.09,176.94,0.98,333.58,10.73,67.53,49.91,0.0
2.12,1.98,13.14,9.0,0.59,4.64,4.88,453.08,100.85,0.82,194.06,10.55,63.24,51.83,36.0
2.96,2.14,4.89,9.0,0.57,2.4,4.4,477.16,112.77,0.84,220.99,10.19,62.49,50.67,35.0
3.09,4.76,9.07,9.0,0.88,6.95,4.64,446.72,94.8,0.82,181.32,11.15,64.9,54.04,0.0
3.19,4.25,3.91,9.0,1.1,7.59,4.78,635.93,234.07,1.14,366.84,10.59,66.17,51.23,0.0
4.43,5.53,5.14,9.0,1.32,4.86,4.52,485.59,105.67,0.87,222.84,10.71,64.25,52.5,0.0
3.14,3.64,5.55,9.0,1.08,2.49,4.49,526.79,137.57,0.94,265.94,10.43,63.86,51.21,0.0
3.45,2.43,9.0,9.0,1.53,4.66,4.85,646.45,204.82,1.06,381.74,10.08,65.46,48.3,0.0
2.08,3.94,11.15,9.0,0.53,4.88,4.16,418.23,75.17,0.76,151.89,11.22,65.06,54.12,99.0
4.24,5.73,5.97,9.0,0.5,3.06,3.99,441.29,94.61,0.77,171.05,11.19,66.04,53.36,51.0
2.46,2.04,3.99,9.0,1.7,4.46,4.51,546.03,119.76,0.97,294.43,9.7,61.29,48.58,0.0
4.01,3.16,7.34,9.0,1.22,6.63,5.23,756.73,312.29,1.16,480.38,10.41,68.9,47.7,0.0
2.74,4.96,7.74,9.0,1.61,4.15,4.33,484.29,95.98,0.88,226.75,10.55,62.89,51.9,0.0
4.2,3.53,13.9,9.0,1.5,3.53,4.6,589.08,163.91,0.99,321.47,10.41,65.92,49.85,0.0
2.32,4.18,10.09,9.0,1.29,4.03,4.45,540.36,137.74,0.98,274.5,10.71,65.02,52.14,0.0
4.53,3.72,4.62,9.0,1.83,6.51,4.54,595.1,152.02,1.01,333.68,10.14,64.07,49.38,0.0
2.03,5.05,8.23,9.0,1.22,4.97,4.36,487.46,107.55,0.89,221.69,10.89,65.01,52.9,0.0
2.26,3.8,14.89,9.0,1.67,4.3,4.56,528.77,118.01,0.94,266.76,10.47,64.1,51.13,0.0
3.31,3.11,8.58,9.0,1.85,2.75,4.68,595.41,153.97,1.03,340.15,9.9,62.22,49.08,0.0
4.78,5.8,6.77,9.0,0.85,3.47,4.46,464.22,108.05,0.85,199.37,11.03,64.75,53.71,0.0
2.66,3.83,10.71,9.0,0.98,6.39,4.3,454.84,92.94,0.83,188.14,11.04,65.21,53.16,0.0
2.57,4.58,7.85,9.0,1.64,7.12,4.72,518.68,115.12,0.94,257.54,10.6,63.75,51.73,0.0
4.91,5.02,14.03,9.0,1.5,4.73,4.26,484.1,98.41,0.87,221.2,10.78,64.3,52.75,0.0
2.13,4.55,12.63,9.0,0.66,4.17,4.13,447.52,92.83,0.78,176.72,11.19,66.48,52.89,62.0
4.81,3.69,14.74,9.0,1.31,3.07,4.62,618.57,199.84,1.05,349.55,10.47,66.06,50.91,0.0
1.49,5.69,11.82,9.0,0.54,6.17,4.17,412.92,71.96,0.75,144.67,11.48,65.54,54.74,107.0
2.36,3.34,14.82,9.0,1.92,6.94,4.4,482.42,89.25,0.88,227.82,10.39,62.18,51.07,0.0
2.42,4.58,5.38,9.0,1.53,3.33,4.36,516.75,111.03,0.91,255.71,10.4,63.72,50.84,0.0
1.96,3.86,6.61,9.0,1.58,5.59,4.65,573.65,149.79,1.01,309.91,10.39,64.68,50.5,0.0
3.28,3.25,6.93,9.0,1.16,2.94,4.49,532.84,140.45,0.95,272.9,10.39,63.59,50.75,0.0
3.21,1.81,11.81,9.0,1.29,3.4,5.48,743.97,289.97,1.15,475.64,9.84,66.74,46.36,0.0
1.73,2.07,5.28,9.0,1.35,6.79,4.64,556.86,146.92,0.98,300.12,10.09,62.9,49.41,0.0
2.32,5.68,6.87,9.0,1.38,4.0,4.38,557.58,150.6,1.02,293.2,10.62,64.61,51.77,0.0
3.48,5.53,6.86,9.0,1.86,7.98,4.85,571.41,139.68,0.99,305.57,10.44,65.4,50.11,0.0
2.67,4.58,4.69,9.0,1.59,5.98,4.44,559.65,143.08,1.01,298.44,10.44,63.83,50.81,0.0
3.26,5.64,10.92,9.0,1.68,5.56,4.63,498.68,104.45,0.9,236.92,10.62,63.87,52.09,0.0
1.93,5.39,12.21,9.0,0.99,5.39,4.6,551.38,167.01,0.99,280.53,11.05,66.43,52.81,0.0
3.96,3.06,12.12,9.0,0.81,4.87,4.51,514.04,150.31,0.91,249.04,10.83,64.81,52.46,1.0
1.57,4.94,14.23,9.0,0.77,5.64,4.24,454.97,99.63,0.81,186.7,11.19,65.68,53.12,32.0
3.96,2.41,13.73,9.0,0.9,2.01,4.54,512.54,135.62,0.9,252.96,10.22,63.45,50.54,0.0
4.72,4.92,14.67,9.0,1.58,2.76,4.34,487.42,98.35,0.88,228.12,10.5,63.37,51.88,0.0
4.56,4.3,13.96,9.0,1.62,3.86,4.57,559.93,145.01,1.0,298.1,10.47,64.1,51.01,0.0
4.94,4.12,11.67,9.0,0.57,7.45,4.22,446.02,106.64,0.81,178.6,11.28,65.39,54.02,46.0
4.45,2.78,6.65,9.0,0.71,3.82,4.44,489.52,130.2,0.88,226.99,10.65,64.23,52.31,3.0
3.12,1.49,14.84,9.0,1.84,7.77,5.62,1313.18,685.25,1.28,1006.33,9.39,79.32,37.76,0.0
4.91,3.72,8.58,9.0,1.16,6.81,4.55,548.2,158.15,0.99,282.38,10.76,65.04,52.49,0.0
3.23,2.52,8.45,9.0,1.59,2.63,4.71,552.66,137.07,0.95,299.58,9.88,61.83,49.32,0.0
3.89,3.93,4.53,9.0,1.08,3.84,4.26,506.78,124.44,0.91,245.41,10.64,63.93,52.0,0.0
4.44,4.06,7.22,9.0,1.9,6.99,4.7,636.61,178.6,1.03,371.22,10.26,65.44,49.12,0.0
3.16,2.44,6.48,9.0,1.94,7.42,5.1,616.21,170.22,1.05,358.18,9.88,63.29,48.42,0.0
4.27,4.38,8.03,9.0,1.7,3.36,4.26,508.71,104.54,0.9,248.94,10.34,63.44,50.83,0.0
2.01,3.06,8.16,9.0,1.16,5.73,4.77,498.66,116.43,0.89,237.72,10.63,63.89,51.61,0.0
3.37,4.66,4.15,9.0,1.46,2.87,4.61,485.69,97.48,0.87,229.36,10.32,62.46,51.39,0.0
4.89,2.87,14.31,9.0,1.22,5.03,4.57,550.76,159.82,0.97,286.73,10.6,64.71,51.54,0.0
3.18,3.11,11.19,9.0,1.23,3.22,4.65,545.01,152.31,1.0,287.05,10.4,63.15,51.12,0.0
1.68,2.44,10.86,9.0,1.62,5.78,4.51,563.21,135.83,0.98,302.76,10.19,64.05,49.24,0.0
2.88,5.6,10.26,9.0,0.55,6.72,4.1,424.58,84.05,0.77,156.11,11.37,65.66,54.07,86.0
4.72,4.57,11.95,9.0,0.59,5.81,4.13,432.39,93.93,0.77,164.39,11.27,65.47,53.85,28.0
3.77,3.0,6.57,9.0,1.4,7.8,4.68,617.13,190.76,1.04,348.18,10.4,66.57,49.43,0.0
1.62,2.15,3.77,9.0,1.5,5.75,4.37,516.8,112.22,0.91,265.87,9.93,61.22,49.47,0.0
1.8,2.03,10.92,9.0,0.91,2.52,4.66,507.79,122.8,0.89,248.38,10.15,63.39,50.19,0.0
2.91,3.63,8.97,9.0,1.08,2.92,4.28,514.19,132.33,0.92,253.02,10.6,63.94,51.61,0.0
2.14,5.2,11.94,9.0,0.68,3.51,4.32,449.73,96.02,0.8,180.32,11.18,65.91,53.17,39.0
3.49,5.62,8.99,9.0,0.93,2.61,4.29,456.22,96.43,0.83,192.67,10.95,64.43,53.48,0.0
3.76,2.48,11.2,9.0,1.83,7.35,4.85,615.31,173.85,1.04,356.47,10.11,63.61,49.23,0.0
3.69,2.13,11.23,9.0,1.44,3.68,5.2,773.81,306.07,1.19,502.06,9.92,67.64,46.38,0.0
4.17,2.13,7.88,9.0,1.26,3.88,4.76,631.71,206.41,1.04,366.13,10.12,65.47,48.55,0.0
2.22,4.84,12.18,9.0,1.46,3.29,4.41,493.07,104.83,0.89,230.79,10.66,64.09,52.17,0.0
3.38,3.67,9.49,9.0,1.52,5.6,4.42,534.89,132.35,0.95,272.65,10.52,64.17,51.19,0.0
4.64,2.58,7.86,9.0,1.69,7.4,5.4,778.94,299.25,1.18,505.8,10.01,67.8,47.01,0.0
3.03,3.63,8.96,9.0,1.39,2.29,4.45,548.38,141.73,0.98,289.85,10.26,63.2,50.74,0.0
4.64,2.74,8.82,9.0,1.66,5.19,4.98,691.88,233.58,1.09,422.18,10.13,67.02,47.9,0.0
4.7,1.46,13.55,9.0,0.52,7.75,5.34,850.33,433.84,1.22,573.51,10.14,69.45,46.7,161.0
4.05,4.07,13.41,9.0,0.89,3.39,4.29,486.11,122.85,0.86,221.0,10.86,64.73,52.64,0.0
4.14,2.8,5.24,9.0,1.59,3.42,4.59,587.13,154.54,1.0,327.85,9.98,63.46,48.79,0.0
4.26,3.13,9.97,9.0,1.19,5.56,4.82,635.51,220.44,1.1,368.0,10.52,66.13,50.32,0.0
2.94,4.02,10.78,9.0,1.18,6.33,4.35,478.92,104.6,0.87,213.02,10.94,65.08,53.2,0.0
4.9,5.79,9.25,9.0,0.98,4.96,4.29,518.49,144.38,0.94,250.4,10.99,65.69,52.87,0.0
3.21,4.31,5.8,9.0,1.74,4.31,4.28,518.24,110.04,0.93,260.25,10.32,62.86,50.98,0.0
3.68,3.54,12.51,9.0,0.98,2.58,4.5,593.42,194.81,1.03,324.4,10.54,66.34,50.16,0.0
1.82,3.57,14.33,9.0,1.43,7.65,4.43,491.37,106.17,0.89,229.33,10.74,64.03,52.13,0.0
2.67,4.45,8.29,9.0,0.55,5.07,4.08,425.12,82.93,0.77,158.26,11.23,65.17,53.96,91.0
3.69,2.06,13.61,9.0,1.62,4.71,4.9,660.18,208.84,1.05,395.51,10.0,65.69,47.73,0.0
4.25,3.15,6.91,9.0,1.93,4.79,4.64,634.68,176.22,1.04,372.97,9.95,64.56,47.86,0.0
2.27,1.8,14.88,9.0,0.53,5.65,4.99,462.78,109.94,0.83,203.1,10.51,63.49,51.97,96.0
1.52,4.37,11.17,9.0,1.43,4.01,4.42,507.47,115.68,0.92,245.51,10.66,63.99,51.83,0.0
2.45,4.72,11.27,9.0,1.87,7.52,4.47,558.08,129.31,0.98,294.34,10.49,64.64,50.69,0.0
4.87,3.35,8.07,9.0,1.23,4.8,4.57,542.6,152.29,0.99,281.96,10.55,63.79,51.7,0.0
3.94,1.66,4.33,9.0,0.79,7.5,4.89,631.4,234.27,1.04,370.61,10.04,64.35,49.03,2.0
4.78,4.62,10.57,9.0,0.83,4.51,4.6,602.27,217.18,1.01,327.35,10.93,68.0,51.17,0.0
1.6,2.19,12.16,9.0,1.32,4.01,4.63,544.62,137.24,0.95,285.34,10.22,63.56,49.82,0.0
4.74,3.28,6.25,9.0,1.71,4.11,4.93,673.05,221.17,1.13,411.13,9.97,64.4,48.64,0.0
1.47,5.21,12.15,9.0,1.11,6.09,4.1,445.28,87.65,0.81,179.65,11.11,64.91,53.83,0.0
4.15,2.24,10.86,9.0,1.17,2.03,5.1,723.17,284.8,1.14,458.03,9.79,65.56,47.35,0.0
2.55,3.59,5.09,9.0,0.9,7.69,4.47,515.58,139.14,0.94,250.33,10.85,64.93,52.63,0.0
2.9,2.6,7.0,9.0,1.87,5.97,4.51,574.79,142.38,1.02,318.75,10.0,62.67,48.95,0.0
1.29,4.66,11.75,9.0,0.54,7.55,4.15,413.8,72.58,0.76,147.1,11.37,65.13,54.54,131.0
2.43,3.17,3.77,9.0,1.89,5.85,4.7,525.57,106.7,0.95,271.42,9.99,61.82,49.95,0.0
4.95,4.17,13.03,9.0,1.31,4.85,4.53,559.67,155.76,0.99,291.31,10.72,65.77,51.74,0.0
2.37,3.7,6.31,9.0,1.77,7.08,4.25,488.45,90.19,0.87,229.28,10.43,63.36,50.74,0.0
4.65,2.82,6.37,9.0,1.42,7.83,4.58,592.54,172.5,1.01,328.2,10.32,65.0,49.89,0.0
4.74,3.36,11.61,9.0,1.04,5.9,4.51,524.56,147.28,0.96,260.04,10.82,64.74,52.74,0.0
1.6,5.0,14.12,9.0,1.13,4.79,4.47,500.37,122.56,0.91,233.18,11.04,65.25,53.37,0.0
4.4,2.15,5.08,9.0,0.59,5.62,4.83,567.71,195.69,0.98,302.54,10.44,65.48,50.38,27.0
2.49,3.06,12.16,9.0,0.55,4.16,4.11,435.51,90.04,0.77,170.62,10.95,64.73,52.46,69.0
3.9,5.22,9.33,9.0,1.44,7.8,4.62,491.1,108.62,0.89,228.83,10.81,64.14,53.07,0.0
2.25,4.22,11.0,9.0,1.72,6.24,4.25,492.91,95.88,0.88,231.8,10.57,63.81,51.49,0.0
4.27,4.75,13.55,9.0,1.99,5.6,4.43,543.64,115.48,0.96,282.62,10.41,63.68,51.02,0.0
3.75,1.86,4.47,9.0,1.65,2.58,4.64,546.62,124.74,0.93,296.65,9.43,60.65,48.19,0.0
1.99,4.13,14.62,9.0,1.67,7.12,4.78,585.85,161.01,1.05,321.16,10.57,64.8,51.17,0.0
1.58,4.65,4.77,9.0,1.42,2.52,4.19,479.81,94.9,0.86,223.43,10.37,62.49,51.02,0.0
3.8,3.96,11.2,9.0,1.81,6.62,4.74,554.53,130.96,0.96,292.26,10.4,64.16,50.45,0.0
2.0,4.5,13.18,9.0,1.7,4.76,4.65,480.26,90.36,0.87,220.76,10.56,63.36,51.65,0.0
1.87,3.91,7.96,9.0,1.66,7.1,4.25,525.4,116.4,0.93,263.7,10.48,64.03,50.84,0.0
4.82,5.11,7.13,9.0,0.72,6.63,4.48,485.61,130.04,0.86,215.7,11.1,66.2,52.67,18.0
4.4,4.79,7.3,9.0,1.41,6.43,4.98,599.83,180.61,1.05,334.9,10.61,64.84,51.77,0.0
3.65,3.8,5.08,9.0,0.71,4.31,4.31,474.72,116.77,0.86,209.93,10.92,64.69,52.98,10.0
3.36,4.55,4.07,9.0,1.84,5.44,4.25,506.8,98.39,0.9,248.3,10.26,62.98,50.52,0.0
2.08,1.74,13.39,9.0,1.41,5.17,5.76,764.89,289.61,1.18,493.79,9.92,67.54,46.06,0.0
1.32,3.68,10.03,9.0,0.81,5.26,4.26,464.28,101.57,0.83,196.14,11.03,65.57,52.84,17.0
3.14,1.79,9.97,9.0,1.73,6.75,5.13,691.55,227.38,1.12,430.92,9.77,64.4,47.04,0.0
4.52,4.06,14.82,9.0,0.85,7.92,4.51,534.77,167.76,0.97,266.82,11.01,65.67,52.99,1.0
2.54,3.85,14.83,9.0,1.02,7.85,4.39,530.81,147.78,0.96,263.33,10.97,65.53,52.53,0.0
4.61,4.08,14.27,9.0,1.03,5.53,4.52,523.01,147.05,0.94,256.31,10.93,65.29,52.67,0.0
2.64,4.69,7.56,9.0,0.56,7.68,3.94,429.25,84.27,0.77,159.99,11.31,65.81,53.55,98.0
2.0,5.64,5.21,9.0,1.33,7.01,4.38,482.39,104.9,0.88,221.36,10.82,63.72,52.87,0.0
1.69,2.29,8.77,9.0,1.04,3.08,4.64,523.3,135.33,0.91,265.85,10.24,63.07,50.15,0.0
2.83,5.53,7.86,9.0,0.56,2.7,4.07,439.8,90.94,0.79,172.41,11.17,65.37,53.4,48.0
1.71,4.64,6.43,9.0,1.53,6.97,4.45,543.6,134.89,0.96,279.97,10.61,64.54,51.37,0.0
3.5,2.78,11.58,9.0,1.93,5.75,5.13,728.88,250.48,1.19,462.86,9.96,65.83,47.39,0.0
4.9,3.21,4.84,9.0,1.89,5.51,4.99,751.51,278.44,1.2,485.01,9.78,66.0,47.12,0.0
4.08,1.89,6.17,9.0,0.85,2.23,4.78,582.96,189.27,1.01,325.3,9.8,62.99,48.81,0.0
2.85,3.2,10.4,9.0,0.97,2.42,4.81,496.22,120.02,0.89,235.05,10.53,63.91,51.61,0.0
2.39,4.86,11.27,9.0,1.21,6.91,4.22,474.41,102.96,0.87,210.73,11.02,64.45,53.54,0.0
3.07,4.71,3.8,9.0,0.82,2.75,4.98,573.82,191.82,1.04,307.09,10.57,65.29,51.56,0.0
2.58,2.78,4.69,9.0,0.95,7.02,4.35,487.18,114.43,0.88,225.41,10.66,64.11,52.0,0.0
1.92,3.1,4.61,9.0,0.53,4.29,4.11,421.29,75.04,0.75,160.35,10.87,63.87,52.83,59.0
4.07,2.33,14.62,9.0,1.63,4.74,5.18,785.88,306.78,1.17,511.85,10.01,68.32,46.09,0.0
3.57,5.69,6.77,9.0,1.39,4.3,4.5,486.61,102.2,0.87,223.29,10.72,64.27,52.17,0.0
2.02,2.68,14.47,9.0,1.96,6.0,4.52,523.22,107.28,0.92,266.94,10.17,62.75,49.6,0.0
2.94,2.11,11.03,9.0,1.23,6.72,4.65,618.19,198.4,1.03,351.1,10.31,66.09,48.8,0.0
1.73,2.84,9.75,9.0,1.89,3.12,4.93,516.06,103.66,0.91,262.66,9.95,61.72,49.11,0.0
4.47,2.95,8.58,9.0,1.67,3.8,4.54,543.12,128.13,0.97,287.59,10.14,62.43,50.47,0.0
3.34,2.44,9.82,9.0,0.66,3.09,4.67,536.23,172.37,1.0,276.43,10.43,63.59,51.88,30.0
1.34,2.29,7.22,9.0,1.94,7.48,4.65,599.02,150.35,1.02,339.59,9.96,63.84,47.78,0.0
3.94,1.87,10.77,9.0,1.16,5.4,5.53,761.95,324.03,1.18,490.42,10.07,67.62,47.27,0.0
3.24,4.48,8.54,9.0,1.79,5.34,4.49,581.17,149.75,1.01,317.21,10.36,64.72,50.32,0.0
2.37,3.21,12.53,9.0,0.61,7.12,4.29,438.7,92.53,0.79,172.53,11.07,65.04,53.42,72.0
4.07,3.16,11.82,9.0,0.68,5.69,4.56,538.81,179.71,0.97,272.72,10.84,65.26,52.1,25.0
2.13,5.08,5.71,9.0,0.98,4.13,4.68,488.01,114.55,0.89,221.58,10.93,65.13,53.17,0.0
4.13,4.75,11.78,9.0,1.95,4.79,4.33,551.23,119.26,0.95,288.68,10.34,64.16,50.41,0.0
1.82,5.31,6.21,9.0,0.78,7.06,4.2,462.96,106.34,0.84,195.88,11.18,65.3,53.77,16.0
2.67,4.11,6.98,9.0,1.93,4.3,4.34,522.2,107.01,0.94,267.97,10.21,61.92,50.6,0.0
4.93,3.34,5.7,9.0,0.9,2.46,4.85,598.68,205.65,1.02,329.97,10.28,66.42,49.31,0.0
3.85,2.4,4.98,9.0,0.69,6.73,4.46,506.9,145.51,0.92,247.12,10.6,63.61,51.9,15.0
2.5,1.73,4.6,9.0,1.18,2.97,5.09,574.33,157.65,1.0,319.55,9.63,62.51,47.94,0.0
3.06,1.92,8.89,9.0,0.89,7.15,4.77,579.55,193.39,1.03,318.85,10.33,64.09,50.27,0.0
2.27,4.81,6.42,9.0,0.88,5.98,4.26,479.44,112.39,0.85,210.99,11.07,65.67,53.07,0.0
4.72,1.89,4.04,9.0,1.97,5.08,4.91,722.63,228.3,1.08,460.6,9.46,65.03,45.4,0.0
3.18,1.55,5.31,9.0,1.79,7.39,5.38,1009.12,451.93,1.25,728.4,9.3,71.05,41.22,0.0
1.63,4.58,12.21,9.0,1.75,2.81,4.32,474.41,88.64,0.84,214.69,10.4,63.37,50.77,0.0
2.21,1.96,5.58,9.0,0.86,3.38,4.58,524.72,139.23,0.93,266.72,10.12,63.16,49.79,1.0
4.52,5.28,5.61,9.0,0.75,3.72,4.2,460.24,107.0,0.84,195.65,11.04,64.6,53.92,0.0
3.99,3.3,6.12,9.0,1.18,6.03,4.62,570.79,169.71,1.02,305.26,10.53,65.09,51.08,0.0
2.77,4.47,8.08,9.0,1.75,6.12,4.23,505.92,104.42,0.9,246.11,10.52,63.38,51.51,0.0
4.13,2.96,12.0,9.0,0.72,6.72,4.45,503.02,144.23,0.89,235.24,10.89,65.76,52.01,8.0
1.84,2.48,11.54,9.0,1.54,6.27,4.77,602.13,173.38,1.05,340.68,10.26,64.25,49.65,0.0
4.09,2.45,9.29,9.0,1.12,3.0,4.65,538.61,150.73,0.95,281.83,10.24,62.86,51.34,0.0
4.71,3.97,4.27,9.0,0.63,7.16,4.6,503.01,147.76,0.91,236.12,10.97,65.3,53.09,18.0
1.5,2.32,12.69,9.0,1.27,6.1,4.88,654.2,220.84,1.09,384.69,10.35,66.88,48.33,0.0
1.57,3.02,5.78,9.0,0.67,3.56,4.27,447.9,94.49,0.83,189.71,10.71,63.14,53.1,44.0
3.93,4.45,12.22,9.0,1.78,3.12,5.08,737.78,265.1,1.21,470.19,10.07,66.28,48.02,0.0
4.98,3.91,12.71,9.0,1.85,5.45,4.46,551.38,127.82,0.95,288.6,10.36,64.35,50.51,0.0
4.11,2.69,8.64,9.0,0.82,2.82,4.75,580.57,197.6,1.03,317.05,10.4,64.75,50.58,0.0
2.0,4.22,11.66,9.0,1.32,4.97,4.31,494.27,112.0,0.9,232.03,10.81,64.17,52.68,0.0
1.82,1.74,6.84,9.0,1.97,4.58,4.73,632.53,164.8,1.05,376.35,9.52,63.16,46.2,0.0
3.16,3.24,13.18,9.0,1.62,4.85,4.76,624.88,186.6,1.07,358.93,10.33,65.63,49.42,0.0
3.27,4.76,4.94,9.0,1.64,5.29,4.8,525.62,121.22,0.95,266.58,10.38,63.18,51.28,0.0
3.74,3.82,10.85,9.0,1.37,4.1,4.56,531.34,133.8,0.97,269.5,10.61,64.05,51.9,0.0
4.23,4.68,11.82,9.0,1.38,2.77,4.73,546.0,141.91,0.97,283.67,10.51,64.16,51.75,0.0
2.2,5.7,13.89,9.0,0.96,3.79,4.34,477.72,109.9,0.84,207.92,11.11,65.97,52.58,0.0
4.34,5.02,5.84,9.0,1.22,3.29,4.7,535.94,140.85,0.95,270.78,10.62,64.81,51.96,0.0
1.95,4.38,13.84,9.0,1.36,2.05,4.39,454.55,83.0,0.83,198.3,10.47,62.61,51.89,0.0
3.35,5.08,8.1,9.0,0.59,3.79,4.25,446.85,99.7,0.8,179.07,11.16,65.5,53.51,61.0
2.85,3.57,13.35,9.0,1.57,4.8,4.75,624.79,191.12,1.09,356.51,10.5,66.2,50.17,0.0
3.98,1.82,12.48,9.0,1.31,4.13,4.96,684.96,249.74,1.09,420.16,9.94,65.77,47.39,0.0
2.82,4.38,6.76,9.0,1.24,5.7,4.17,470.69,98.18,0.85,210.42,10.82,63.7,52.87,0.0
1.37,4.01,4.59,9.0,1.41,2.08,4.32,492.74,98.62,0.88,236.16,10.16,62.53,50.3,0.0
2.39,2.64,12.96,9.0,1.89,2.4,4.55,625.86,158.71,1.03,363.67,9.78,64.47,47.19,0.0
4.68,5.69,14.02,9.0,0.61,6.72,4.22,453.67,114.14,0.83,186.35,11.36,65.26,54.8,28.0
2.46,2.25,7.43,9.0,1.99,6.21,4.73,640.4,169.31,1.06,380.01,9.82,64.28,47.44,0.0
2.24,2.6,9.93,9.0,0.98,6.84,4.38,492.95,120.22,0.9,232.37,10.7,63.85,52.23,0.0
3.53,4.37,5.3,9.0,1.73,5.28,4.45,568.23,141.94,0.99,306.47,10.31,63.99,50.3,0.0
2.92,3.02,13.07,9.0,1.64,5.03,4.55,568.47,150.33,1.03,309.03,10.32,63.55,50.43,0.0
2.02,1.81,14.54,9.0,1.54,2.4,4.79,628.78,179.52,1.04,369.92,9.61,63.85,46.61,0.0
1.69,3.9,5.33,9.0,0.88,4.6,4.21,476.16,110.3,0.87,212.72,10.87,64.46,52.75,0.0
3.8,5.76,10.66,9.0,1.64,6.69,4.89,735.45,267.6,1.18,461.53,10.48,68.01,49.04,0.0
2.06,3.07,12.15,9.0,0.98,5.65,4.46,520.47,140.83,0.93,255.7,10.81,64.85,52.04,0.0
2.38,3.4,5.65,9.0,1.47,5.1,4.3,501.3,106.38,0.91,244.28,10.4,62.77,51.18,0.0
2.26,5.58,11.75,9.0,1.58,6.95,4.34,480.96,95.02,0.87,218.61,10.8,64.05,52.84,0.0
2.76,3.93,14.51,9.0,1.69,2.94,4.76,530.64,121.77,0.95,272.54,10.28,63.04,50.37,0.0
2.48,5.78,14.72,9.0,0.67,2.65,4.78,449.26,97.72,0.82,182.11,11.14,65.21,53.51,36.0
4.78,2.25,5.18,9.0,1.96,4.55,4.92,691.19,213.85,1.09,430.73,9.62,64.16,47.02,0.0
2.01,1.54,8.17,9.0,1.36,6.82,5.31,614.72,183.62,1.03,354.54,9.83,64.2,47.6,0.0
3.73,1.73,8.83,9.0,1.34,6.26,5.21,688.36,246.4,1.06,420.49,9.98,66.66,46.85,0.0
3.13,3.85,5.41,9.0,0.54,5.23,4.22,436.36,91.52,0.79,170.79,11.1,64.86,53.82,60.0
2.64,5.26,12.46,9.0,1.55,3.22,4.27,491.29,100.85,0.87,229.58,10.61,63.9,51.58,0.0
2.65,5.59,9.48,9.0,1.03,6.1,4.03,462.61,96.83,0.82,193.41,11.12,65.84,52.78,0.0
1.42,2.42,8.0,9.0,0.93,5.09,4.67,509.66,131.86,0.91,249.1,10.53,63.82,51.29,0.0
4.59,2.66,4.34,9.0,1.69,2.72,4.71,550.75,126.85,0.97,298.9,9.71,61.25,49.16,0.0
3.56,2.66,8.97,9.0,0.77,4.09,4.65,524.71,157.52,0.93,262.25,10.63,64.23,52.27,4.0
1.87,1.47,12.49,9.0,1.48,7.76,5.02,611.72,175.78,1.02,350.0,9.85,64.74,47.38,0.0
4.4,4.81,12.19,9.0,0.81,3.22,4.19,444.94,94.66,0.81,180.06,11.06,64.73,53.68,0.0
3.45,4.64,11.94,9.0,1.96,7.7,4.35,559.26,131.77,0.97,295.91,10.41,64.56,50.2,0.0
2.71,3.01,5.26,9.0,0.73,4.25,4.39,474.79,113.83,0.86,212.66,10.75,64.14,52.61,12.0
4.63,4.73,11.91,9.0,0.83,5.16,4.3,485.21,127.34,0.87,217.9,11.13,65.41,53.24,1.0
2.55,2.07,14.62,9.0,1.18,7.14,4.64,546.95,147.19,0.96,283.27,10.44,65.04,50.42,0.0
4.14,3.21,8.48,9.0,1.88,6.33,4.52,588.93,145.94,0.99,326.49,10.2,64.43,49.5,0.0
4.54,4.15,7.17,9.0,1.56,3.39,4.52,561.56,141.37,0.96,297.89,10.34,64.53,50.33,0.0
2.05,4.19,9.0,9.0,1.43,3.65,4.52,497.36,108.94,0.9,236.55,10.6,63.75,51.94,0.0
1.5,5.1,9.8,9.0,1.16,3.84,4.25,462.86,96.12,0.85,199.21,10.95,64.46,53.1,0.0
3.81,3.79,6.19,9.0,0.93,6.26,4.34,486.73,118.71,0.87,220.09,10.87,65.25,52.5,0.0
4.71,3.92,6.47,9.0,1.82,4.25,4.48,561.09,134.18,0.98,303.4,10.18,62.89,50.35,0.0
2.69,4.69,12.76,9.0,1.28,7.45,4.26,500.76,115.84,0.89,233.16,10.94,65.5,52.61,0.0
1.83,3.69,7.23,9.0,1.99,2.27,4.54,561.19,122.34,0.97,305.7,9.84,62.21,48.64,0.0
4.28,1.71,11.24,9.0,1.12,2.21,5.44,763.06,318.08,1.15,496.1,9.55,66.17,45.81,0.0
2.82,4.55,7.72,9.0,1.66,7.64,4.56,579.76,150.85,1.02,313.57,10.53,65.32,50.74,0.0
4.12,4.93,8.66,9.0,1.53,5.25,4.47,560.22,142.1,0.97,293.01,10.62,65.58,51.04,0.0
4.1,1.45,6.49,9.0,1.39,4.91,5.15,741.5,284.91,1.13,477.96,9.58,65.43,46.06,0.0
3.36,3.05,5.07,9.0,1.98,6.89,4.9,696.78,218.18,1.14,433.67,9.91,64.92,47.35,0.0
3.14,2.79,14.6,9.0,0.66,4.56,4.46,522.36,159.12,0.93,255.45,10.79,65.47,51.76,34.0
4.87,4.81,13.72,9.0,1.96,6.97,4.65,540.28,121.23,0.97,279.75,10.39,63.59,51.38,0.0
1.39,1.97,8.82,9.0,1.24,7.68,5.09,550.18,148.32,0.97,291.51,10.21,63.39,49.56,0.0
2.93,3.65,4.45,9.0,1.51,7.74,4.6,597.9,171.45,1.03,332.84,10.37,65.1,50.11,0.0
2.67,5.55,5.08,9.0,1.27,5.4,4.31,492.95,113.62,0.9,232.41,10.74,63.6,52.79,0.0
4.41,4.5,4.34,9.0,0.89,2.31,4.36,528.34,146.86,0.95,264.2,10.56,64.59,51.67,0.0
3.9,3.42,5.0,9.0,1.26,7.75,4.47,595.03,177.6,1.01,326.74,10.52,66.47,49.73,0.0
2.19,5.24,5.59,9.0,0.78,5.85,4.17,474.1,115.97,0.86,208.38,11.13,64.95,53.58,17.0
4.73,3.62,5.46,9.0,0.63,6.96,4.2,455.98,109.16,0.82,189.97,11.02,65.01,53.56,6.0
1.74,1.91,13.19,9.0,1.81,4.51,5.3,586.8,150.21,1.01,331.15,9.81,62.73,48.2,0.0
2.98,2.11,10.55,9.0,1.08,6.92,4.68,545.43,156.92,0.97,284.45,10.42,63.93,50.93,0.0
3.42,4.3,5.49,9.0,1.89,6.3,4.47,590.49,147.74,1.0,327.52,10.24,64.67,49.41,0.0
4.69,2.49,8.4,9.0,1.02,5.93,5.25,687.71,272.73,1.1,415.46,10.4,67.77,48.47,0.0
3.54,4.19,12.45,9.0,1.67,7.41,4.53,563.07,142.58,0.98,298.77,10.56,64.71,51.08,0.0
4.26,2.7,4.42,9.0,0.85,6.66,4.73,512.26,146.86,0.95,253.28,10.57,63.45,52.43,0.0
2.03,1.71,9.43,9.0,1.58,2.62,4.88,660.48,202.14,1.09,404.04,9.47,63.33,46.13,0.0
1.73,1.58,6.74,9.0,1.03,6.79,5.14,551.66,154.02,1.0,296.84,9.99,62.41,49.67,0.0
3.03,1.73,10.5,9.0,0.76,2.76,4.76,509.81,133.39,0.9,252.98,10.02,62.95,49.76,1.0
3.88,5.03,11.79,9.0,1.15,5.95,4.15,452.08,88.61,0.81,186.07,11.02,65.05,53.15,0.0
3.36,4.64,5.83,9.0,0.84,5.2,4.64,459.49,102.49,0.84,194.53,11.07,64.8,54.01,0.0
1.32,3.73,13.82,9.0,1.99,3.3,4.75,617.43,177.61,1.06,355.66,10.1,64.27,48.71,0.0
4.74,3.48,7.75,9.0,1.18,3.63,4.42,495.45,117.52,0.89,234.96,10.59,63.7,52.23,0.0
2.63,5.51,14.61,9.0,0.54,7.6,4.07,418.87,82.74,0.77,151.83,11.45,65.25,54.91,92.0
2.15,2.31,10.9,9.0,1.77,3.17,4.81,619.35,166.92,1.05,360.52,9.82,63.66,47.87,0.0
2.65,2.78,5.45,9.0,1.86,2.37,4.53,573.89,133.18,0.99,320.27,9.66,62.02,47.53,0.0
1.63,3.97,13.56,9.0,0.66,7.92,4.28,430.44,84.26,0.77,163.96,11.2,65.15,53.09,67.0
3.96,3.42,14.61,9.0,0.57,7.97,4.55,453.07,112.88,0.83,187.01,11.13,65.05,53.91,49.0
1.65,1.93,9.45,9.0,1.04,6.12,4.74,562.47,162.19,0.98,302.06,10.3,64.15,49.92,0.0
3.6,2.28,13.44,9.0,0.71,7.41,5.12,577.81,206.55,1.0,311.62,10.6,65.63,51.2,12.0
2.19,1.81,10.61,9.0,0.83,6.72,4.78,538.05,158.97,0.97,279.27,10.35,63.49,50.82,4.0
4.46,3.88,8.87,9.0,0.98,7.16,4.48,481.65,115.16,0.85,215.08,10.97,65.18,52.78,0.0
3.6,5.79,5.41,9.0,0.76,4.25,4.13,482.66,122.93,0.85,215.07,11.04,65.4,53.03,2.0
4.83,3.99,4.96,9.0,1.99,5.97,5.05,802.63,313.62,1.28,535.98,9.85,66.09,47.17,0.0
1.44,4.04,8.27,9.0,1.4,4.86,4.19,466.27,87.01,0.83,203.49,10.67,64.21,51.8,0.0
3.46,4.78,12.52,9.0,1.7,7.94,4.59,574.6,153.72,1.03,310.29,10.56,64.69,50.95,0.0
3.33,2.17,9.49,9.0,1.47,3.37,5.5,740.73,273.46,1.16,472.02,9.9,66.79,46.81,0.0
3.81,5.04,12.28,9.0,1.29,2.77,4.3,505.34,114.62,0.9,239.95,10.72,64.76,52.31,0.0
4.39,3.45,13.58,9.0,1.64,6.79,4.92,714.09,247.59,1.11,439.48,10.36,68.23,48.4,0.0
2.39,2.93,9.84,9.0,1.08,5.25,4.91,510.43,129.43,0.95,250.96,10.64,63.56,52.29,0.0
1.89,4.45,6.22,9.0,0.97,4.67,4.81,480.57,111.58,0.87,215.8,10.93,64.78,52.99,0.0
1.3,3.41,4.68,9.0,1.74,3.27,4.36,496.75,97.79,0.89,243.02,10.06,61.65,49.76,0.0
4.71,1.86,12.64,9.0,1.25,7.35,4.9,657.25,239.12,1.04,389.32,10.17,66.74,47.65,0.0
3.07,1.49,7.78,9.0,1.82,2.89,5.55,1260.67,623.4,1.24,959.91,8.99,77.35,37.15,0.0
2.04,3.03,13.55,9.0,0.91,2.13,4.87,480.94,111.27,0.89,222.5,10.47,63.18,52.11,0.0
3.38,2.95,10.77,9.0,1.29,5.73,4.83,644.04,219.5,1.07,375.81,10.47,66.11,50.05,0.0
1.57,4.19,11.02,9.0,1.48,6.26,4.54,559.18,147.06,1.01,294.54,10.66,64.77,51.65,0.0
4.72,2.32,10.07,9.0,0.58,5.41,4.67,545.19,187.57,0.99,282.81,10.64,64.43,51.91,69.0
2.79,2.07,5.04,9.0,1.51,2.29,4.65,569.03,138.6,0.95,313.36,9.55,62.71,47.25,0.0
4.86,1.76,8.3,9.0,0.86,7.9,4.96,669.96,272.09,1.09,403.44,10.22,66.22,48.33,40.0
3.56,5.79,4.17,9.0,1.15,3.09,4.18,481.18,102.4,0.85,216.88,10.69,64.63,52.2,0.0
2.2,4.9,12.91,9.0,1.3,5.43,4.38,511.81,123.13,0.91,246.01,10.89,65.02,52.46,0.0
3.39,4.26,9.75,9.0,1.99,2.51,4.47,531.21,112.85,0.89,274.96,10.05,62.43,49.52,0.0
4.02,4.47,9.6,9.0,1.87,7.26,4.57,591.2,148.82,1.01,327.37,10.4,64.68,50.55,0.0
4.83,2.63,6.91,9.0,1.25,7.87,4.9,622.53,214.72,1.07,357.31,10.37,65.47,50.53,0.0
4.3,3.38,14.51,9.0,1.6,5.52,4.59,564.46,144.89,0.99,302.94,10.45,64.03,50.94,0.0
1.37,3.8,5.28,9.0,0.91,3.8,4.4,495.66,124.55,0.9,235.21,10.72,63.57,52.72,0.0
2.73,5.35,6.4,9.0,0.71,3.74,4.11,456.32,101.89,0.82,189.5,11.1,65.21,53.12,14.0
2.85,2.51,5.39,9.0,0.61,2.69,4.68,473.81,112.1,0.85,215.38,10.4,63.19,51.47,31.0
1.53,2.91,4.75,9.0,0.52,4.77,4.12,425.15,72.98,0.75,160.1,10.89,64.83,52.15,96.0
4.76,3.82,5.85,9.0,1.79,2.06,4.56,561.68,131.86,0.98,308.28,9.84,61.75,48.98,0.0
3.03,3.79,8.69,9.0,1.51,6.65,4.45,517.54,119.4,0.93,255.03,10.56,64.23,51.59,0.0
2.95,4.75,10.25,9.0,1.83,5.48,4.36,497.52,99.81,0.89,238.76,10.47,63.15,51.44,0.0
3.56,5.23,11.61,9.0,0.84,7.26,4.29,490.92,128.41,0.86,220.77,11.18,66.32,53.05,1.0
4.48,3.57,12.75,9.0,1.69,6.29,4.38,492.71,100.54,0.87,230.82,10.51,64.07,51.39,0.0
3.59,2.03,6.87,9.0,0.8,2.1,4.7,571.85,181.83,0.99,315.68,9.92,62.56,49.84,0.0
2.9,4.46,7.14,9.0,1.52,2.67,4.36,509.3,113.99,0.92,252.9,10.34,62.51,51.28,0.0
2.38,2.68,7.96,9.0,1.31,6.46,5.06,551.85,145.51,1.0,290.7,10.43,64.01,50.6,0.0
4.64,5.5,12.53,9.0,1.25,6.8,4.25,488.38,111.25,0.88,221.61,11.01,65.22,53.54,0.0
3.86,3.23,4.33,9.0,1.07,2.61,4.45,557.46,160.77,0.98,296.79,10.29,63.79,50.31,0.0
2.42,4.42,9.38,9.0,1.87,2.4,4.52,602.08,151.2,1.02,338.17,10.06,64.71,48.76,0.0
4.57,2.61,11.42,9.0,1.56,4.05,4.88,710.72,248.86,1.09,440.75,10.12,67.04,47.72,0.0
1.69,3.63,14.04,9.0,0.62,4.31,4.13,423.18,78.17,0.77,158.91,11.11,64.48,54.12,61.0
1.97,2.14,5.43,9.0,0.7,3.39,4.71,463.51,99.6,0.84,207.01,10.3,62.83,51.14,17.0
4.61,5.6,6.11,9.0,1.04,2.13,5.43,871.83,440.71,1.37,596.96,10.13,68.33,48.12,0.0
2.14,1.68,5.52,9.0,1.95,5.11,5.17,678.63,190.03,1.07,418.74,9.44,64.61,45.08,0.0
2.33,2.78,12.99,9.0,1.63,6.87,4.73,575.49,150.3,1.02,316.42,10.37,63.53,50.27,0.0
2.95,2.66,11.3,9.0,1.16,2.01,4.77,554.54,157.2,1.01,299.84,10.07,62.14,50.32,0.0
4.24,4.45,12.28,9.0,0.53,2.6,4.17,454.98,108.49,0.81,188.41,11.04,65.21,53.24,48.0
3.9,3.5,6.6,9.0,0.82,6.05,4.6,502.63,135.18,0.89,234.81,10.86,65.67,52.17,1.0
1.44,3.53,13.05,9.0,1.58,3.28,4.46,528.5,121.85,0.95,271.77,10.37,62.76,50.83,0.0
2.73,2.46,9.62,9.0,0.91,5.46,4.68,557.97,177.14,1.02,296.44,10.53,64.06,51.5,0.0
1.46,5.41,12.55,9.0,0.59,3.03,4.02,414.75,71.44,0.75,148.88,11.3,64.9,54.12,68.0
3.5,3.05,9.95,9.0,1.35,5.69,5.01,573.05,164.2,0.98,307.67,10.51,64.99,51.22,0.0
2.83,4.63,12.16,9.0,1.7,6.17,4.16,469.2,84.55,0.84,208.16,10.65,63.84,52.01,0.0
3.7,4.64,7.25,9.0,1.45,4.59,4.81,548.45,140.08,0.97,283.09,10.54,64.93,51.16,0.0
4.43,2.87,4.0,9.0,1.71,3.68,4.81,658.06,201.59,1.09,398.28,9.79,63.75,47.98,0.0
1.81,3.76,4.72,9.0,1.44,6.27,4.34,531.96,126.39,0.93,268.81,10.5,64.45,50.8,0.0
3.24,4.91,4.22,9.0,1.87,5.16,4.65,502.06,98.22,0.9,244.85,10.25,62.66,50.5,0.0
4.56,5.34,4.95,9.0,1.08,6.35,4.17,485.66,112.17,0.87,219.3,10.93,65.14,53.02,0.0
1.57,5.07,8.65,9.0,0.53,6.17,4.11,416.58,73.92,0.74,148.84,11.37,65.5,53.96,103.0
3.81,2.28,5.76,9.0,1.87,5.95,5.45,773.78,269.73,1.16,504.05,9.77,67.0,45.94,0.0
1.93,3.69,9.94,9.0,1.52,7.03,4.52,553.4,143.18,0.98,288.91,10.58,64.71,51.24,0.0
2.48,1.92,9.63,9.0,0.92,7.4,4.58,539.65,155.45,0.96,279.09,10.39,63.97,50.52,0.0
3.93,4.59,10.44,9.0,1.07,7.56,4.51,476.65,109.84,0.85,209.57,11.02,65.34,53.07,0.0
1.98,3.85,5.38,9.0,1.4,2.96,4.31,486.99,99.63,0.88,231.11,10.37,62.42,51.27,0.0
1.97,3.37,6.55,9.0,0.97,6.35,4.18,453.0,90.63,0.82,190.03,10.84,64.38,52.65,1.0
3.56,3.26,14.71,9.0,1.08,6.71,4.4,519.23,139.66,0.93,252.78,10.85,65.23,52.44,0.0
2.34,3.4,6.19,9.0,0.51,5.53,3.99,417.35,75.29,0.75,153.6,11.07,64.5,53.43,82.0
2.11,2.35,5.58,9.0,1.0,4.7,4.82,500.78,121.32,0.9,242.67,10.37,63.21,51.09,0.0
1.76,2.21,8.91,9.0,0.9,6.37,4.37,454.68,92.66,0.84,196.29,10.57,63.28,52.33,0.0
4.52,2.48,14.21,9.0,0.71,3.62,4.65,487.84,134.71,0.89,227.79,10.58,63.6,52.58,4.0
2.59,3.85,4.27,9.0,1.83,2.55,4.79,568.22,127.53,0.97,311.13,9.88,62.74,48.48,0.0
2.14,4.62,11.92,9.0,0.53,6.99,3.92,420.69,80.28,0.76,153.12,11.36,65.4,53.9,111.0
2.36,4.2,14.92,9.0,1.11,2.64,4.55,487.41,111.25,0.9,225.76,10.77,63.94,53.17,0.0
3.57,2.84,7.5,9.0,1.77,7.36,4.62,589.92,154.73,0.99,329.43,10.15,64.0,49.27,0.0
2.32,5.79,6.1,9.0,0.77,5.08,4.19,458.41,103.25,0.83,191.81,11.16,65.16,54.05,11.0
2.69,1.45,12.85,9.0,1.7,5.46,5.13,709.21,235.4,1.14,448.28,9.57,64.62,46.21,0.0
3.57,2.51,5.78,9.0,1.15,6.86,4.69,582.86,178.62,0.99,319.29,10.4,64.74,50.54,0.0
2.28,3.73,14.81,9.0,0.89,2.57,4.56,520.05,145.03,0.94,256.26,10.74,64.48,52.51,0.0
1.36,2.88,7.66,9.0,1.84,3.55,4.72,561.71,128.79,0.98,305.86,9.97,62.53,49.01,0.0
1.42,2.11,8.28,9.0,1.04,7.45,4.68,500.11,118.74,0.89,239.46,10.46,63.87,50.52,0.0
2.91,1.77,14.98,9.0,0.89,6.37,4.8,508.32,139.17,0.95,251.74,10.36,62.64,52.27,0.0
2.34,4.74,14.96,9.0,1.01,3.0,4.38,470.28,102.47,0.86,204.22,10.97,65.1,53.57,0.0
3.43,1.85,14.23,9.0,1.36,7.96,5.48,713.63,270.24,1.14,445.68,10.08,66.65,47.72,0.0
1.87,1.51,12.99,9.0,1.26,4.68,4.96,584.82,169.02,1.03,328.79,9.87,62.63,48.9,0.0
3.95,4.81,5.08,9.0,1.94,3.16,4.13,506.63,94.59,0.88,249.04,10.1,62.68,49.66,0.0
3.55,1.86,10.8,9.0,1.08,6.1,5.36,673.44,255.14,1.12,407.94,10.18,65.66,49.13,0.0
2.44,1.45,9.96,9.0,1.35,6.26,4.9,585.38,164.65,1.0,327.86,9.83,63.38,47.92,0.0
3.61,5.23,13.24,9.0,1.54,5.22,4.76,658.42,221.16,1.13,389.5,10.6,66.49,50.48,0.0
4.18,3.8,7.02,9.0,0.96,3.14,4.15,466.44,99.51,0.83,202.07,10.76,64.63,52.22,0.0
2.09,1.56,4.12,9.0,0.6,7.03,4.52,498.1,126.78,0.88,242.83,10.13,62.48,50.19,44.0
3.09,3.02,6.27,9.0,1.97,6.28,4.4,513.26,104.59,0.89,258.81,10.13,62.01,50.25,0.0
2.13,3.25,14.71,9.0,1.42,4.62,4.57,531.58,129.79,0.94,269.24,10.6,64.25,51.12,0.0
2.12,5.66,9.24,9.0,0.77,4.52,4.18,475.17,117.93,0.87,208.59,11.17,65.18,53.78,23.0
4.66,2.32,7.35,9.0,1.17,4.31,4.63,580.53,181.3,1.0,319.7,10.23,64.15,49.67,0.0
1.78,3.38,4.65,9.0,1.78,6.08,4.35,499.57,96.59,0.9,245.6,10.23,61.87,50.8,0.0
3.93,5.71,13.15,9.0,0.52,5.42,4.0,435.83,97.6,0.77,166.26,11.42,66.11,54.07,70.0
2.1,4.59,6.77,9.0,0.61,5.11,4.08,437.62,87.54,0.77,169.67,11.18,65.49,53.0,82.0
3.72,5.5,12.49,9.0,1.08,7.36,4.24,484.6,112.96,0.88,215.65,11.09,65.9,53.22,0.0
1.69,5.77,10.79,9.0,1.67,6.27,4.35,478.21,105.09,0.87,216.76,10.72,63.9,52.25,0.0
3.12,1.7,9.24,9.0,1.06,2.66,5.15,742.21,302.85,1.13,476.11,9.71,65.96,46.49,0.0
2.95,2.02,11.08,9.0,1.79,5.98,5.57,790.28,290.95,1.21,517.56,9.86,67.7,46.0,0.0
1.68,5.37,11.61,9.0,1.81,3.89,4.46,548.07,145.7,0.98,287.17,10.43,63.8,50.71,0.0
4.85,1.82,14.43,9.0,1.76,5.79,5.29,859.74,349.87,1.22,587.33,9.68,67.93,45.05,0.0
2.59,5.7,8.35,9.0,0.57,3.88,4.05,439.38,90.92,0.78,169.7,11.26,66.09,53.4,85.0
3.83,3.74,11.52,9.0,1.93,3.73,5.03,694.39,221.67,1.14,428.9,10.02,65.46,48.29,0.0
3.01,1.84,9.09,9.0,1.03,6.67,5.02,650.1,234.76,1.04,383.54,10.23,66.1,48.47,0.0
4.09,4.09,9.14,9.0,1.71,2.91,4.69,540.1,125.46,0.95,283.04,10.19,62.75,50.34,0.0
4.75,4.99,14.34,9.0,1.44,3.61,4.45,553.8,146.11,0.97,286.59,10.65,65.43,52.02,0.0
3.62,5.4,6.87,9.0,0.77,6.67,4.51,469.61,111.36,0.84,199.48,11.18,66.11,53.51,1.0
4.81,5.37,10.29,9.0,1.69,5.7,4.66,629.49,188.18,1.04,361.69,10.5,65.88,50.41,0.0
4.86,3.22,6.66,9.0,1.83,5.01,5.08,730.06,269.41,1.19,464.76,9.94,65.68,48.06,0.0
2.82,4.06,11.33,9.0,0.57,2.16,4.22,440.58,91.77,0.8,176.63,10.91,64.48,53.12,50.0
2.48,5.71,14.26,9.0,1.37,3.93,4.41,543.3,137.01,0.97,276.34,10.8,65.33,51.65,0.0
4.68,2.39,11.82,9.0,1.88,3.18,5.19,784.69,293.71,1.18,517.73,9.73,66.23,46.53,0.0
4.17,3.2,12.51,9.0,0.54,7.67,4.31,443.83,104.95,0.81,178.27,11.1,64.95,53.75,64.0
3.34,1.63,11.56,9.0,1.59,6.19,5.15,712.46,256.17,1.12,447.86,9.73,65.85,46.62,0.0
4.47,2.57,11.16,9.0,1.0,5.09,4.75,587.9,198.34,1.04,324.9,10.5,64.62,51.17,0.0
1.35,4.09,12.96,9.0,0.94,7.43,4.21,467.04,103.68,0.84,200.25,11.09,65.25,52.87,0.0
3.5,3.58,13.1,9.0,0.88,3.62,4.54,525.83,156.77,0.97,263.17,10.78,64.25,53.06,0.0
1.48,2.51,6.43,9.0,1.03,7.54,4.82,483.85,108.11,0.87,222.63,10.59,63.96,51.44,0.0
1.76,4.44,14.15,9.0,1.01,5.29,4.59,529.78,147.66,0.94,260.08,11.0,66.27,52.5,0.0
3.46,4.01,12.73,9.0,0.64,3.57,4.35,475.78,121.99,0.84,207.82,10.99,65.7,52.44,27.0
1.36,2.44,12.99,9.0,1.45,7.07,4.69,544.23,140.94,0.99,286.32,10.37,63.2,50.94,0.0
3.93,2.02,7.01,9.0,1.6,7.57,5.05,712.84,255.16,1.11,446.85,9.9,66.05,46.88,0.0
1.74,1.8,7.81,9.0,0.8,6.44,4.59,484.2,113.62,0.87,226.2,10.33,63.18,50.73,2.0
3.79,3.53,12.53,9.0,0.6,3.45,4.31,454.27,107.44,0.81,188.96,10.94,64.87,52.47,19.0
2.12,3.45,7.04,9.0,1.55,4.23,4.86,468.94,87.57,0.84,210.82,10.4,63.07,51.12,0.0
2.01,2.35,14.82,9.0,1.33,3.14,4.6,536.08,134.9,0.95,278.82,10.21,63.01,50.09,0.0
3.92,3.56,10.49,9.0,1.01,7.05,4.67,494.15,125.34,0.9,230.1,10.9,64.64,53.52,0.0
3.59,2.21,12.74,9.0,1.83,4.56,5.27,739.3,255.87,1.15,472.53,9.81,66.25,46.49,0.0
4.37,5.46,8.23,9.0,1.11,2.61,4.09,459.91,91.26,0.82,197.0,10.8,64.22,52.66,0.0
3.56,4.83,11.76,9.0,0.85,7.96,4.36,471.46,115.44,0.85,204.48,11.18,65.24,53.96,1.0
3.51,5.0,9.02,9.0,1.96,7.28,4.55,595.39,153.67,1.05,332.62,10.37,64.45,50.3,0.0
1.74,5.47,13.43,9.0,1.3,5.72,4.66,459.34,88.5,0.8,190.2,10.98,65.95,52.12,0.0
1.79,3.62,9.06,9.0,0.66,5.67,4.06,430.68,80.3,0.77,163.82,11.11,65.18,53.25,63.0
4.35,3.29,6.94,9.0,0.74,2.01,4.42,501.91,134.73,0.9,240.63,10.47,63.93,51.78,0.0
2.9,4.54,10.09,9.0,1.01,3.69,4.38,532.87,150.26,0.98,266.9,10.85,65.04,52.66,0.0
4.98,3.59,5.4,9.0,1.09,5.97,4.3,508.7,132.41,0.91,245.84,10.67,64.33,51.72,0.0
1.98,5.57,8.53,9.0,0.68,7.01,4.29,440.91,92.4,0.8,173.48,11.28,65.36,53.94,51.0
2.5,4.6,12.85,9.0,0.91,7.78,4.76,482.28,120.29,0.88,215.67,11.16,65.2,53.61,1.0
4.44,4.1,12.0,9.0,1.69,7.86,4.43,563.53,139.73,0.97,298.49,10.54,65.07,50.9,0.0
3.19,1.59,6.75,9.0,1.34,3.92,4.95,677.66,234.08,1.07,416.8,9.65,64.6,46.59,0.0
3.13,4.24,8.3,9.0,1.82,7.21,4.23,481.45,89.73,0.86,221.7,10.49,63.45,51.12,0.0
3.3,2.51,7.77,9.0,1.24,5.96,4.67,588.03,177.7,0.98,324.38,10.39,64.8,49.96,0.0
4.7,3.37,3.79,9.0,1.41,2.5,4.37,505.11,109.39,0.89,251.21,10.03,61.86,50.12,0.0
3.37,1.48,14.69,9.0,1.18,6.68,5.42,880.44,413.25,1.19,596.78,9.83,71.43,43.82,0.0
3.14,2.12,10.89,9.0,1.97,6.72,5.23,652.17,190.97,1.06,391.1,9.87,64.26,47.83,0.0
2.53,5.74,5.36,9.0,1.58,4.31,4.31,513.63,106.45,0.91,250.5,10.57,64.29,51.62,0.0
1.82,3.59,6.42,9.0,1.56,6.2,4.28,489.49,100.62,0.88,232.09,10.49,62.89,51.64,0.0
1.49,1.98,5.37,9.0,1.39,5.01,4.64,538.5,129.07,0.95,283.46,9.97,62.36,49.26,0.0
1.47,3.22,5.66,9.0,0.74,4.22,4.05,437.58,79.05,0.78,173.36,10.83,64.66,52.19,20.0
4.86,4.39,4.35,9.0,0.82,2.54,4.42,461.48,97.54,0.82,197.1,10.72,64.68,52.44,0.0
4.63,4.4,14.61,9.0,1.79,5.54,4.7,594.03,158.83,1.03,328.93,10.46,64.87,51.16,0.0
4.48,3.69,5.07,9.0,1.84,3.94,4.57,573.04,138.67,1.02,319.23,10.03,61.85,50.06,0.0
3.53,1.86,9.53,9.0,1.25,2.57,5.16,725.95,273.88,1.14,460.5,9.69,65.82,46.37,0.0
2.51,3.74,12.85,9.0,0.61,3.62,4.27,444.36,96.3,0.8,178.34,11.04,64.96,53.08,58.0
3.73,3.42,5.74,9.0,1.0,4.12,4.43,512.89,135.27,0.92,251.19,10.63,64.06,51.78,0.0
3.04,3.95,5.51,9.0,1.15,3.41,4.97,563.87,164.67,1.02,299.73,10.51,64.63,51.23,0.0
1.79,2.44,13.94,9.0,1.44,3.07,4.56,505.65,113.48,0.93,253.34,10.15,61.52,50.92,0.0
2.44,5.22,12.22,9.0,1.05,7.28,4.34,468.32,105.4,0.86,203.18,11.14,64.88,54.09,0.0
4.17,4.83,5.7,9.0,1.91,3.78,4.56,652.58,184.11,1.05,387.91,10.11,65.3,48.26,0.0
2.18,4.86,8.3,9.0,1.49,4.34,4.29,452.48,76.59,0.8,189.82,10.71,64.1,51.78,0.0
3.63,2.98,5.06,9.0,1.15,2.04,4.59,558.83,155.39,0.96,302.45,10.04,62.73,49.79,0.0
4.49,3.91,5.69,9.0,0.52,3.86,4.58,490.64,140.56,0.88,224.17,10.9,65.2,52.65,70.0
3.02,4.08,6.52,9.0,1.43,7.34,4.24,497.49,109.2,0.91,237.31,10.67,63.6,52.25,0.0
4.83,5.63,7.87,9.0,0.6,5.17,4.5,445.79,102.82,0.8,177.28,11.22,65.55,53.99,30.0
1.85,4.38,9.03,9.0,1.0,4.16,4.34,508.21,131.26,0.91,242.12,10.95,65.08,52.89,0.0
4.56,3.42,5.02,9.0,1.16,7.22,4.28,472.62,102.09,0.85,211.31,10.68,63.97,52.0,0.0
4.67,4.31,8.18,9.0,0.98,5.41,4.33,509.95,138.7,0.9,243.19,10.89,65.28,52.47,0.0
2.54,4.3,9.26,9.0,1.46,7.01,4.36,506.18,110.83,0.91,241.39,10.78,64.68,52.52,0.0
2.25,3.59,4.22,9.0,0.79,3.92,4.31,456.82,99.8,0.84,198.74,10.73,63.13,52.79,4.0
3.55,3.65,12.38,9.0,0.97,4.09,4.52,532.97,153.82,0.97,266.54,10.82,65.16,52.66,0.0
4.6,2.86,11.35,9.0,1.27,6.27,4.85,630.19,210.3,1.09,361.84,10.53,65.95,50.78,0.0
4.73,2.05,6.47,9.0,0.67,6.26,4.68,570.57,198.51,1.02,307.94,10.45,64.56,50.77,18.0
2.73,1.49,12.25,9.0,0.68,3.61,5.07,564.46,180.93,0.97,306.5,9.97,63.21,49.1,13.0
4.45,2.25,8.82,9.0,1.76,5.93,5.56,800.49,302.57,1.15,526.54,9.91,68.27,45.82,0.0
4.38,2.45,4.81,9.0,1.46,2.76,4.84,697.55,242.3,1.1,435.06,9.78,64.57,47.28,0.0
3.81,4.02,12.02,9.0,1.94,3.66,4.55,574.43,132.71,0.99,313.79,10.21,63.68,50.2,0.0
1.71,3.38,12.46,9.0,0.97,5.75,4.5,508.47,135.2,0.94,245.64,10.86,64.36,53.09,0.0
2.18,1.61,11.7,9.0,1.01,6.39,4.79,556.72,161.25,1.0,299.33,10.13,63.17,49.72,0.0
3.14,2.7,11.96,9.0,1.48,3.31,4.96,574.25,161.03,1.0,315.02,10.15,63.57,49.43,0.0
4.93,2.72,11.29,9.0,1.31,7.52,4.75,600.3,192.32,1.06,336.24,10.49,64.89,50.81,0.0
4.43,4.68,4.92,9.0,1.18,7.79,4.51,480.84,105.77,0.85,214.44,10.85,65.13,52.75,0.0
1.27,3.87,8.25,9.0,1.39,6.68,4.36,486.5,104.81,0.88,224.31,10.7,64.19,51.68,0.0
1.37,2.49,12.29,9.0,0.54,4.73,4.34,426.93,78.79,0.75,164.11,10.84,64.36,52.18,102.0
2.82,3.07,6.94,9.0,1.96,5.52,4.52,585.64,146.45,1.03,329.55,10.02,62.6,49.21,0.0
1.68,3.89,10.58,9.0,0.91,3.27,4.26,459.07,96.9,0.84,196.95,10.85,64.12,52.8,0.0
2.2,4.42,4.76,9.0,1.91,4.35,4.08,467.67,74.05,0.84,214.17,10.23,61.66,50.72,0.0
2.9,3.23,14.43,9.0,0.55,6.3,4.22,445.32,102.37,0.8,178.86,11.07,65.16,53.14,74.0
2.48,4.69,9.42,9.0,0.95,2.88,4.15,455.01,91.76,0.82,189.33,10.93,64.96,52.91,0.0
3.72,3.59,14.14,9.0,0.97,4.54,4.28,466.67,103.39,0.83,200.43,10.9,65.09,52.6,0.0
1.76,5.68,5.34,9.0,1.1,5.88,4.26,471.83,103.69,0.86,207.41,10.97,64.68,53.06,0.0
1.37,4.99,4.88,9.0,1.24,3.87,4.29,481.74,106.51,0.87,218.55,10.74,64.32,52.12,0.0
1.68,1.7,12.05,9.0,1.4,5.99,4.95,625.08,185.11,1.05,361.01,10.0,65.23,47.78,0.0
2.13,3.87,5.19,9.0,0.6,2.54,4.29,472.74,112.08,0.84,207.82,10.76,64.77,52.33,81.0
4.22,3.77,6.18,9.0,1.66,4.9,4.31,468.8,85.87,0.85,213.72,10.37,62.17,51.4,0.0
2.84,1.48,6.35,9.0,1.59,2.6,5.26,790.0,302.29,1.21,527.83,9.16,64.92,44.06,0.0
1.78,5.39,9.52,9.0,0.51,7.03,4.13,416.4,76.49,0.77,149.39,11.45,65.31,55.04,151.0
2.68,5.02,13.69,9.0,0.9,3.32,4.46,532.88,157.89,0.97,265.54,10.96,65.38,52.75,0.0
3.66,5.78,13.14,9.0,1.58,6.73,4.42,520.48,120.28,0.93,257.21,10.74,64.46,52.15,0.0
4.63,5.6,7.6,9.0,0.68,3.62,4.34,498.24,141.57,0.89,229.57,11.07,65.7,53.4,22.0
1.35,2.27,12.32,9.0,1.7,2.84,5.07,602.75,161.08,1.0,341.34,9.82,64.43,47.36,0.0
2.31,2.64,9.51,9.0,1.53,4.36,5.02,640.43,202.26,1.13,378.58,10.12,64.4,48.96,0.0
3.02,5.74,14.06,9.0,1.99,5.54,4.68,683.38,212.42,1.1,413.17,10.33,66.94,48.02,0.0
4.6,3.44,7.53,9.0,1.15,6.55,4.58,545.61,151.97,0.95,277.41,10.68,65.81,51.65,0.0
1.79,3.48,12.96,9.0,1.14,7.85,4.4,476.11,102.29,0.83,208.07,10.93,65.78,51.91,0.0
2.62,3.15,9.4,9.0,1.58,5.02,4.69,629.45,185.62,1.08,363.27,10.31,65.75,49.36,0.0
3.39,2.57,11.11,9.0,1.94,6.92,4.98,721.53,236.01,1.13,453.02,9.97,66.57,47.01,0.0
1.28,5.68,4.91,9.0,0.52,7.92,4.77,417.5,74.54,0.76,149.91,11.34,65.41,54.44,122.0
4.12,4.31,6.83,9.0,0.93,2.09,4.49,514.67,137.31,0.92,252.36,10.58,64.13,51.98,0.0
1.55,3.49,5.51,9.0,1.41,4.49,4.28,471.13,87.1,0.83,210.15,10.46,63.76,50.74,0.0
4.19,2.84,14.6,9.0,1.51,4.57,4.89,658.22,211.0,1.08,389.03,10.32,66.63,49.31,0.0
3.78,2.87,14.12,9.0,1.47,5.8,4.83,633.7,199.17,1.09,366.69,10.41,65.89,49.84,0.0
3.48,5.33,8.04,9.0,1.61,3.82,4.62,481.4,94.09,0.86,219.74,10.53,63.84,51.88,0.0
1.5,5.37,9.12,9.0,1.46,6.57,4.65,492.98,116.72,0.89,229.09,10.79,64.51,52.24,0.0
1.33,4.6,11.19,9.0,1.44,7.49,4.43,515.87,129.03,0.92,250.88,10.83,64.84,52.14,0.0
3.92,5.61,12.26,9.0,1.42,6.76,4.32,492.63,106.36,0.89,227.61,10.92,64.8,53.38,0.0
2.84,5.1,12.24,9.0,0.52,4.15,4.46,432.09,89.33,0.78,163.06,11.32,65.77,53.79,77.0
1.89,3.91,13.05,9.0,1.74,2.89,4.3,496.12,98.42,0.91,241.64,10.28,61.89,51.28,0.0
2.74,2.72,12.92,9.0,1.53,6.78,4.7,584.66,160.43,1.02,319.2,10.4,65.2,50.36,0.0
2.75,3.03,9.75,9.0,1.3,6.52,4.53,495.63,116.42,0.91,238.3,10.61,62.95,52.18,0.0
4.14,3.15,8.6,9.0,1.05,7.67,4.37,488.49,117.88,0.88,223.67,10.82,64.84,52.7,0.0
1.65,2.7,4.22,9.0,0.74,4.43,4.2,446.15,91.01,0.82,191.05,10.53,62.4,52.11,23.0
3.65,4.14,8.22,9.0,1.37,4.09,4.2,491.81,106.2,0.87,229.48,10.58,64.14,51.55,0.0
2.7,2.61,8.95,9.0,1.32,5.45,4.87,605.74,185.54,1.08,342.12,10.32,64.76,50.03,0.0
