minGap,accel,decel,emergencyDecel,tau,delta,density,sampledSeconds,waitingTime,occupancy,timeLoss,speed,entered,flow,collisions,fitness
2.63,5.41,8.41,9.0,1.12,5.61,4.35,510.74,125.81,0.89,241.07,10.98,66.1,52.06,0.0,-0.76
2.35,5.51,13.95,9.0,1.7,5.76,4.58,584.69,153.23,1.03,319.95,10.61,64.74,51.01,0.0,-0.11
1.78,4.72,12.98,9.0,1.88,5.49,4.16,463.19,81.52,0.82,201.13,10.57,63.99,51.49,0.0,-0.76
2.16,4.81,6.32,9.0,1.62,3.25,5.07,483.51,95.68,0.88,227.12,10.41,62.47,51.58,0.0,0.09
2.45,5.65,7.51,9.0,0.91,6.29,4.35,501.62,132.64,0.9,234.43,11.09,65.34,53.23,0.0,-0.93
1.69,5.4,6.76,9.0,1.25,2.07,4.39,524.76,132.4,0.93,261.43,10.53,64.32,51.58,0.0,-0.36
4.65,5.61,10.72,9.0,1.43,2.93,4.63,609.14,179.7,1.03,339.83,10.51,66.65,50.46,0.0,0.17
1.52,4.59,8.46,9.0,1.22,6.84,4.42,493.81,113.49,0.9,228.8,10.91,64.79,52.98,0.0,-0.82
2.31,5.52,7.1,9.0,1.57,7.06,4.44,507.39,109.38,0.9,243.75,10.7,64.45,51.81,0.0,-0.55
2.97,5.64,14.12,9.0,1.57,7.93,4.4,490.53,105.27,0.88,226.72,10.82,64.6,52.49,0.0,-0.75
4.85,4.72,12.98,9.0,1.88,5.49,4.47,569.69,137.94,1.0,307.19,10.36,64.24,50.38,0.0,-0.03
1.78,4.62,8.97,9.0,1.79,6.41,4.22,492.48,102.42,0.9,234.2,10.55,62.94,51.96,0.0,-0.67
1.78,5.32,12.98,9.0,1.88,5.49,4.19,490.97,104.72,0.88,229.73,10.55,63.73,51.31,0.0,-0.61
4.68,5.02,12.93,9.0,1.08,5.49,4.58,556.36,169.61,1.0,289.42,10.91,65.36,52.68,0.0,-0.43
1.78,4.72,10.99,9.0,1.88,5.38,4.26,473.43,90.54,0.87,216.38,10.5,62.66,51.71,0.0,-0.63
3.45,4.94,12.81,9.0,1.88,2.85,4.47,564.15,131.83,0.99,303.25,10.21,63.81,49.76,0.0,0.11
1.78,4.72,5.08,9.0,1.67,5.49,4.22,517.51,116.0,0.92,257.23,10.43,63.57,51.13,0.0,-0.44
3.34,5.69,13.92,9.0,1.07,5.98,4.24,459.94,98.85,0.84,193.91,11.14,65.08,54.17,0.0,-1.3
4.54,5.58,8.81,9.0,1.07,3.93,4.17,488.5,116.34,0.87,222.48,10.95,65.11,53.16,0.0,-1.05
1.47,5.69,12.18,9.0,1.1,2.97,4.21,474.39,107.93,0.86,207.95,10.97,65.06,53.34,0.0,-1.08
2.75,4.65,13.92,9.0,1.07,5.98,4.63,468.98,105.2,0.86,204.45,11.05,64.64,53.79,0.0,-0.87
2.61,5.69,13.92,9.0,1.07,5.98,4.26,454.21,92.27,0.81,185.87,11.14,65.66,53.33,0.0,-1.21
1.88,5.69,6.12,9.0,1.22,2.7,4.72,465.87,93.87,0.84,205.85,10.69,63.55,52.37,0.0,-0.46
2.45,5.31,13.92,9.0,1.07,7.38,4.45,500.09,124.18,0.9,232.68,11.11,65.38,53.67,0.0,-0.96
3.25,5.63,8.18,9.0,1.75,3.93,4.38,524.49,115.53,0.93,263.21,10.42,63.88,50.95,0.0,-0.29
3.34,5.69,10.26,9.0,1.07,5.98,4.57,549.14,165.11,1.03,281.63,10.95,65.45,53.15,0.0,-0.53
1.47,5.69,10.09,9.0,1.64,7.28,4.29,479.35,109.09,0.87,217.37,10.76,63.99,52.08,0.0,-0.74
1.47,5.69,12.18,9.0,1.1,2.97,4.21,474.39,107.93,0.86,207.95,10.97,65.06,53.34,0.0,-1.08
1.47,5.45,6.17,9.0,1.1,2.97,4.47,529.98,146.81,0.94,264.35,10.74,65.0,52.1,0.0,-0.43
1.47,5.58,14.55,9.0,1.1,7.73,4.98,496.95,127.5,0.89,228.21,11.12,65.77,53.51,0.0,-0.52
4.22,5.13,6.38,9.0,1.81,2.97,4.6,590.47,149.95,1.01,329.21,10.11,63.98,49.66,0.0,0.36
1.47,5.44,5.98,9.0,1.04,2.97,4.17,494.55,118.33,0.86,227.32,10.79,65.54,51.38,0.0,-0.73
2.75,4.72,12.08,9.0,1.1,3.29,4.65,468.39,97.21,0.83,202.03,10.89,65.11,52.71,0.0,-0.66
3.42,5.69,13.37,9.0,1.31,2.35,4.32,501.08,113.69,0.89,237.33,10.69,64.43,51.97,0.0,-0.64
4.22,5.13,4.93,9.0,1.47,2.97,4.51,493.14,103.37,0.88,235.5,10.41,62.82,51.48,0.0,-0.3
3.95,5.13,6.38,9.0,1.81,6.46,4.18,491.97,92.03,0.87,231.81,10.46,63.53,51.22,0.0,-0.6
4.87,5.13,6.38,9.0,1.69,2.97,4.79,667.78,211.66,1.11,401.8,10.16,65.63,48.45,0.0,0.88
4.22,5.16,6.38,9.0,0.94,3.51,4.23,509.68,136.46,0.9,242.04,10.82,65.52,52.37,0.0,-0.74
3.34,5.02,6.38,9.0,1.91,5.98,4.31,509.46,101.22,0.9,249.19,10.37,63.53,50.76,0.0,-0.35
3.86,5.21,7.42,9.0,1.6,2.97,4.2,472.26,86.11,0.85,215.57,10.42,62.51,51.67,0.0,-0.64
3.65,5.13,10.3,9.0,1.9,2.05,4.51,585.92,139.97,1.0,324.98,10.03,63.85,49.19,0.0,0.36
1.9,5.13,6.1,9.0,1.81,3.11,4.95,550.96,142.35,1.0,294.58,10.22,62.41,50.54,0.0,0.43
3.34,5.42,13.92,9.0,1.07,5.98,4.25,513.63,132.8,0.91,243.02,11.05,66.24,52.84,0.0,-0.94
3.34,5.69,11.59,9.0,1.07,5.98,4.65,692.31,285.38,1.11,412.83,10.79,69.72,49.37,0.0,0.58
3.34,5.46,13.92,9.0,1.07,7.76,4.3,483.79,118.94,0.88,218.11,11.12,64.96,53.9,0.0,-1.13
3.34,5.69,13.92,9.0,1.68,3.55,5.0,494.82,100.21,0.87,232.05,10.53,64.14,51.53,0.0,-0.01
1.42,5.08,8.33,9.0,1.07,2.43,4.32,507.03,129.55,0.92,244.41,10.76,64.17,52.64,0.0,-0.7
3.34,4.87,5.88,9.0,1.97,5.98,4.24,505.41,97.74,0.9,247.24,10.28,62.93,50.63,0.0,-0.35
4.17,5.69,4.06,9.0,1.07,7.62,4.12,486.15,112.16,0.86,219.5,10.98,65.18,53.02,0.0,-1.1
2.75,5.46,13.92,9.0,1.81,5.98,4.37,549.12,133.72,0.99,287.6,10.51,63.93,51.1,0.0,-0.3
1.98,5.77,13.92,9.0,1.07,7.76,4.38,480.47,111.69,0.88,211.25,11.2,65.85,53.72,0.0,-1.12
3.34,5.46,14.7,9.0,1.07,7.76,4.78,500.73,128.76,0.9,233.19,11.08,65.38,53.57,0.0,-0.65
3.34,5.12,13.92,9.0,1.07,4.66,4.24,459.87,97.62,0.84,194.38,11.06,64.93,53.71,0.0,-1.2
2.04,5.69,13.92,9.0,1.07,5.98,4.33,461.66,97.93,0.83,194.41,11.14,65.35,53.46,0.0,-1.15
3.34,5.46,5.37,9.0,1.07,7.76,4.37,507.94,129.61,0.91,240.55,11.02,65.41,53.34,0.0,-0.9
3.34,5.46,13.92,9.0,2.0,5.91,4.41,537.1,115.36,0.97,276.67,10.42,63.67,50.96,0.0,-0.27
3.34,4.99,13.92,9.0,1.07,7.46,4.34,492.19,121.42,0.88,224.61,11.08,65.56,52.84,0.0,-0.94
3.34,5.68,6.79,9.0,1.07,7.21,4.32,538.51,153.67,0.96,269.44,10.99,65.84,52.94,0.0,-0.77
3.32,5.69,13.66,9.0,1.02,3.44,4.3,472.34,106.47,0.85,205.89,11.03,65.13,53.42,0.0,-1.07
2.05,5.57,13.92,9.0,1.07,6.93,4.45,485.31,116.66,0.88,217.87,11.14,65.37,53.44,0.0,-0.98
1.85,4.71,4.83,9.0,1.63,5.98,4.77,503.33,106.9,0.91,244.54,10.44,63.14,51.28,0.0,-0.08
3.34,5.69,13.82,9.0,1.54,2.57,4.35,490.92,99.64,0.87,228.93,10.54,63.91,51.66,0.0,-0.54
2.4,5.69,13.92,9.0,1.07,3.94,4.27,527.03,139.99,0.93,256.37,11.01,66.38,52.68,0.0,-0.85
1.4,5.68,10.84,9.0,1.42,5.98,4.38,480.4,112.34,0.86,215.95,10.88,64.69,52.48,0.0,-0.78
2.54,5.16,4.48,9.0,1.3,5.98,4.25,499.22,109.8,0.89,234.61,10.74,64.71,52.32,0.0,-0.78
3.34,5.69,13.91,9.0,0.99,5.98,4.27,499.93,129.67,0.9,228.99,11.12,66.35,53.05,0.0,-1.01
1.63,5.38,6.41,9.0,1.02,7.13,4.27,459.65,94.48,0.81,191.51,11.07,65.66,52.26,0.0,-1.03
3.32,5.17,14.66,9.0,1.17,6.22,4.4,485.79,111.46,0.87,217.28,11.05,65.74,53.28,0.0,-0.96
1.49,5.38,13.66,9.0,1.02,3.44,4.36,510.31,134.67,0.91,241.69,11.0,65.73,53.07,0.0,-0.84
4.52,5.69,13.66,9.0,1.02,3.44,4.63,594.36,199.17,1.03,324.06,10.86,66.93,51.55,0.0,-0.1
3.32,5.07,13.66,9.0,1.02,6.85,4.38,515.82,140.96,0.92,246.37,11.07,65.95,53.07,0.0,-0.85
4.05,5.08,13.66,9.0,1.02,3.44,4.32,471.49,108.94,0.86,207.77,10.96,64.51,53.49,0.0,-1.01
3.32,4.6,6.02,9.0,1.02,3.44,4.13,475.2,105.8,0.86,213.16,10.78,64.08,52.7,0.0,-0.96
3.13,5.69,13.66,9.0,1.02,6.66,4.69,478.58,111.34,0.85,208.69,11.15,66.03,53.24,0.0,-0.8
2.53,5.53,10.58,9.0,1.02,2.28,4.55,463.13,96.63,0.85,200.3,10.87,64.26,53.21,0.0,-0.79
3.32,4.6,4.98,9.0,1.14,3.44,4.62,493.6,112.92,0.89,230.14,10.63,64.42,51.73,0.0,-0.34
4.59,5.49,6.02,9.0,1.02,5.69,4.21,471.71,105.97,0.85,205.33,11.0,65.07,53.29,0.0,-1.1
3.32,4.6,12.51,9.0,1.09,6.47,4.35,467.34,102.81,0.84,200.35,11.04,65.3,53.15,0.0,-1.02
3.32,4.6,8.06,9.0,1.02,3.44,4.56,574.71,180.05,1.05,307.38,10.77,65.4,52.4,0.0,-0.28
1.43,5.35,6.02,9.0,1.02,3.44,4.15,484.81,114.8,0.87,218.94,10.9,64.99,52.64,0.0,-0.98
3.89,5.61,4.87,9.0,1.87,3.57,4.37,540.31,115.18,0.96,283.65,10.21,62.5,50.87,0.0,-0.16
2.75,4.6,6.02,9.0,1.95,3.44,4.15,483.07,83.21,0.86,228.01,10.16,61.98,50.22,0.0,-0.36
5.0,5.14,12.89,9.0,1.14,3.44,4.36,499.91,120.62,0.9,234.31,10.86,64.9,52.94,0.0,-0.8
3.32,5.15,5.23,9.0,1.14,3.44,4.17,448.4,81.98,0.8,186.95,10.78,63.92,52.67,0.0,-1.02
3.34,4.6,4.98,9.0,1.85,3.44,4.24,512.1,101.59,0.91,255.55,10.18,62.46,50.53,0.0,-0.26
3.32,5.69,13.92,9.0,1.14,5.98,4.69,498.92,124.79,0.9,232.28,11.04,65.15,53.82,0.0,-0.74
3.34,5.65,4.98,9.0,1.14,7.93,4.24,475.94,103.37,0.85,210.39,10.97,64.88,53.37,0.0,-1.08
3.32,4.6,12.53,9.0,1.07,5.0,4.36,521.15,142.43,0.93,253.44,10.91,65.62,52.77,0.0,-0.72
3.32,4.6,7.34,9.0,1.34,5.17,4.54,586.14,169.41,1.03,317.0,10.65,66.63,50.75,0.0,-0.07
3.57,4.6,5.66,9.0,1.14,3.44,4.27,489.79,109.21,0.86,224.03,10.68,64.99,51.74,0.0,-0.66
3.34,5.69,13.92,9.0,1.61,5.98,4.43,527.45,123.26,0.93,261.48,10.75,65.08,52.11,0.0,-0.57
3.34,5.5,9.31,9.0,1.07,3.78,4.59,494.38,120.51,0.89,228.53,10.89,65.05,53.21,0.0,-0.67
3.81,5.39,5.26,9.0,1.07,7.5,4.14,455.48,93.46,0.83,191.8,10.99,64.46,53.45,0.0,-1.22
2.99,5.33,14.55,9.0,1.07,5.98,4.6,544.16,159.75,0.98,275.78,10.98,65.71,52.69,0.0,-0.5
4.95,4.79,13.92,9.0,1.07,4.94,4.53,562.98,171.94,1.01,294.37,10.86,65.88,52.64,0.0,-0.42
3.34,5.69,13.92,9.0,1.07,5.98,4.24,459.94,98.85,0.84,193.91,11.14,65.08,54.17,0.0,-1.3
3.95,5.69,10.45,9.0,1.07,5.98,4.25,452.01,91.92,0.82,185.81,11.1,65.11,53.71,0.0,-1.24
1.7,5.69,13.92,9.0,1.67,6.75,4.83,515.73,130.54,0.92,251.14,10.72,64.69,51.85,0.0,-0.18
3.95,4.79,13.92,9.0,1.06,5.04,4.54,531.76,153.44,0.96,265.81,10.88,65.06,52.89,0.0,-0.53
3.68,4.79,13.92,9.0,1.07,4.94,4.62,565.91,175.74,1.03,297.34,10.88,65.83,52.67,0.0,-0.35
4.3,5.75,13.92,9.0,1.84,3.57,4.3,544.54,117.81,0.93,280.3,10.46,64.57,50.7,0.0,-0.34
4.95,5.41,13.92,9.0,1.11,5.55,4.24,464.07,101.04,0.84,200.07,11.04,64.58,53.63,0.0,-1.17
4.41,4.79,13.92,9.0,1.64,7.42,4.54,569.25,145.52,0.98,301.78,10.64,65.71,51.28,0.0,-0.22
4.95,4.98,13.92,9.0,1.07,7.65,4.4,535.31,154.23,0.96,268.29,10.99,65.46,52.8,0.0,-0.69
4.95,5.54,13.92,9.0,1.07,4.94,4.33,508.41,130.54,0.91,239.7,11.03,65.86,53.13,0.0,-0.91
2.91,4.79,8.06,9.0,1.62,4.94,4.42,545.49,134.55,0.99,283.18,10.49,64.09,51.59,0.0,-0.3
2.03,5.69,13.92,9.0,0.79,5.98,4.08,456.92,101.38,0.81,186.95,11.3,66.11,53.32,16.0,4.0
3.03,5.69,13.92,9.0,1.07,7.0,4.09,482.83,111.73,0.84,211.74,11.14,66.41,52.84,0.0,-1.21
2.76,5.01,13.92,9.0,1.07,6.14,4.33,512.41,134.42,0.92,244.24,11.04,65.64,53.21,0.0,-0.91
1.38,5.62,13.92,9.0,1.95,4.94,4.12,467.97,95.5,0.83,206.54,10.52,63.73,51.11,0.0,-0.66
3.34,4.67,13.83,9.0,1.5,5.98,4.59,584.22,165.24,1.04,316.7,10.69,65.64,51.54,0.0,-0.16
3.34,5.66,13.92,9.0,1.51,6.71,4.49,536.52,132.37,0.97,269.69,10.77,65.27,52.01,0.0,-0.48
4.95,5.68,13.92,9.0,1.07,5.12,4.5,485.55,114.87,0.86,216.14,11.02,65.91,52.87,0.0,-0.81
2.76,5.24,5.68,9.0,1.07,3.12,4.23,493.96,113.72,0.87,227.88,10.79,65.02,52.19,0.0,-0.8
4.29,5.69,13.92,9.0,1.07,6.68,4.37,511.3,135.56,0.92,244.75,11.03,65.22,53.1,0.0,-0.85
3.11,4.72,13.92,9.0,1.07,6.41,4.73,482.11,114.5,0.88,217.15,11.08,64.84,53.97,0.0,-0.8
3.12,5.27,14.98,9.0,1.07,7.0,4.18,458.34,95.82,0.82,190.51,11.16,65.5,53.47,0.0,-1.29
3.23,5.69,13.92,9.0,1.78,6.59,4.58,639.12,201.2,1.09,370.58,10.5,66.33,49.94,0.0,0.29
2.45,5.69,13.92,9.0,1.25,3.85,4.28,467.89,94.54,0.84,202.69,10.95,64.88,53.21,0.0,-1.06
3.08,5.13,13.92,9.0,1.37,6.25,4.45,514.75,126.44,0.95,250.4,10.86,64.68,53.14,0.0,-0.73
3.03,5.5,13.92,9.0,1.07,7.0,4.28,471.38,107.99,0.86,205.78,11.13,64.92,54.05,0.0,-1.21
3.04,5.67,13.2,9.0,1.07,6.46,4.21,475.79,109.81,0.86,209.18,11.16,65.22,53.78,0.0,-1.25
3.34,4.77,13.92,9.0,0.89,4.86,4.2,479.7,117.0,0.85,210.83,11.08,66.02,53.01,0.0,-1.08
3.34,5.69,11.7,9.0,1.51,6.34,4.75,538.71,133.69,0.96,271.63,10.76,65.37,51.79,0.0,-0.24
3.34,5.69,12.66,9.0,1.77,4.81,4.79,658.47,207.47,1.09,389.14,10.44,66.57,49.14,0.0,0.61
3.34,5.69,8.47,9.0,1.77,5.98,4.35,507.72,108.98,0.95,250.77,10.52,62.63,52.16,0.0,-0.55
4.86,5.69,7.44,9.0,1.07,5.98,4.12,482.53,110.04,0.84,212.64,11.03,66.08,52.65,0.0,-1.1
2.07,5.38,13.92,9.0,1.07,4.11,4.33,489.05,116.57,0.9,223.56,11.06,64.97,53.76,0.0,-1.06
1.9,4.85,13.92,9.0,1.36,5.5,4.47,521.08,128.39,0.93,255.29,10.84,65.01,52.37,0.0,-0.6
3.08,5.69,13.92,9.0,1.07,5.98,4.13,467.92,103.02,0.83,198.79,11.13,65.85,53.22,0.0,-1.25
2.07,5.38,13.92,9.0,0.99,4.11,4.32,464.63,100.52,0.84,196.78,11.1,65.47,53.38,0.0,-1.11
3.22,4.84,13.92,9.0,1.07,4.11,4.37,509.43,134.67,0.92,244.23,10.93,64.88,52.8,0.0,-0.76
4.87,5.38,9.57,9.0,1.07,3.22,4.17,468.64,99.08,0.82,201.01,10.88,65.54,52.64,0.0,-1.01
2.24,5.36,8.81,9.0,1.07,4.11,4.89,495.67,119.69,0.91,228.48,10.98,65.36,53.38,0.0,-0.52
2.07,5.4,5.01,9.0,1.11,4.11,4.11,468.55,99.12,0.86,207.03,10.88,63.91,52.93,0.0,-1.09
2.07,5.1,12.36,9.0,1.07,4.7,4.41,497.9,122.76,0.9,230.73,11.04,65.33,53.48,0.0,-0.93
2.07,5.51,11.25,9.0,1.9,4.89,4.35,517.0,120.85,0.96,259.68,10.46,62.69,51.69,0.0,-0.41
4.3,5.02,7.27,9.0,1.04,4.11,4.64,487.61,117.19,0.87,221.95,10.87,64.96,52.89,0.0,-0.6
2.51,5.69,13.92,9.0,1.07,5.36,4.17,439.35,82.93,0.82,174.56,11.17,64.71,54.36,0.0,-1.46
3.34,5.69,9.15,9.0,1.07,5.98,4.26,492.79,118.49,0.88,224.48,11.08,65.63,53.38,0.0,-1.07
1.34,5.69,7.36,9.0,0.81,6.52,3.97,439.01,87.33,0.8,171.94,11.23,65.31,53.73,19.0,4.0
3.34,5.69,6.2,9.0,1.07,3.3,4.27,458.59,91.32,0.82,192.84,10.89,64.96,52.92,0.0,-1.01
3.34,5.69,13.92,9.0,0.86,5.98,4.34,468.41,110.99,0.84,199.59,11.22,65.62,53.69,0.0,-1.17
3.34,5.69,11.9,9.0,0.93,5.98,4.08,448.38,93.28,0.81,180.43,11.21,65.44,53.42,0.0,-1.4
2.7,5.23,13.92,9.0,1.61,5.98,4.45,549.85,140.92,1.0,285.33,10.67,64.69,51.79,0.0,-0.39
4.86,4.96,13.92,9.0,1.07,5.98,4.51,520.28,142.63,0.95,253.27,10.99,65.25,53.48,0.0,-0.74
2.51,5.69,10.95,9.0,1.07,6.5,4.43,492.94,118.87,0.9,226.6,11.11,65.14,53.76,0.0,-1.01
2.51,4.94,13.92,9.0,1.07,5.36,4.13,445.0,85.35,0.8,178.64,11.1,65.09,53.47,0.0,-1.34
2.51,5.69,13.92,9.0,1.07,5.36,4.17,439.35,82.93,0.82,174.56,11.17,64.71,54.36,0.0,-1.46
2.51,5.69,13.92,9.0,1.36,2.4,4.45,582.43,163.3,1.03,315.09,10.59,65.83,50.52,0.0,-0.1
2.51,5.67,13.92,9.0,1.07,4.03,4.64,458.28,93.13,0.83,190.25,11.04,65.55,53.18,0.0,-0.84
3.92,5.69,13.92,9.0,1.72,6.48,4.54,614.06,169.23,1.05,346.2,10.58,65.94,50.68,0.0,-0.02
2.51,5.69,4.96,9.0,0.97,5.36,4.35,497.05,123.67,0.89,229.19,11.04,65.47,53.18,0.0,-0.93
2.71,5.22,13.92,9.0,1.62,5.36,4.4,512.26,115.19,0.92,250.26,10.7,64.01,52.14,0.0,-0.6
2.51,5.25,4.79,9.0,1.62,5.36,4.29,520.51,112.61,0.94,258.84,10.48,63.91,51.2,0.0,-0.44
3.24,5.69,8.75,9.0,1.07,5.36,4.25,492.83,118.71,0.88,223.63,11.03,65.87,53.3,0.0,-1.04
1.79,5.24,13.92,9.0,1.07,6.79,4.34,497.55,122.0,0.89,228.08,11.12,65.92,53.03,0.0,-0.98
2.0,4.86,13.92,9.0,1.07,5.36,4.32,452.43,91.52,0.83,187.4,11.08,64.82,53.77,0.0,-1.19
2.51,5.69,13.92,9.0,1.07,4.49,4.27,484.13,112.38,0.87,216.78,11.09,65.39,53.67,0.0,-1.13
2.51,5.69,13.92,9.0,1.38,6.49,4.4,537.82,136.41,0.95,268.82,10.9,65.95,52.22,0.0,-0.64
2.51,5.69,5.84,9.0,1.07,7.37,4.29,492.62,116.64,0.88,225.28,11.05,65.32,53.14,0.0,-1.01
2.51,4.81,14.91,9.0,1.07,5.36,4.33,509.41,129.17,0.92,242.01,11.01,65.4,53.04,0.0,-0.89
4.83,5.69,6.4,9.0,1.78,7.67,4.41,567.3,138.37,0.99,303.24,10.49,64.52,50.94,0.0,-0.22
3.63,5.69,13.92,9.0,1.07,4.27,4.49,501.15,127.47,0.91,235.2,11.02,65.06,53.71,0.0,-0.86
3.09,5.69,5.59,9.0,0.82,5.36,4.55,471.96,111.0,0.84,203.56,11.09,65.65,52.99,1.0,4.0
3.49,5.56,6.92,9.0,1.06,7.67,4.3,494.23,121.5,0.87,225.51,11.01,65.76,52.75,0.0,-0.91
4.97,5.69,4.96,9.0,1.33,7.01,4.48,536.62,141.28,0.98,272.64,10.72,64.57,52.42,0.0,-0.47
1.61,5.54,5.84,9.0,0.97,5.36,4.31,502.83,131.26,0.91,236.3,11.02,65.13,53.59,0.0,-0.97
2.51,5.69,5.95,9.0,1.83,5.96,4.23,521.03,109.97,0.93,260.15,10.47,63.81,51.09,0.0,-0.48
1.97,5.11,10.42,9.0,1.07,5.36,4.76,479.77,111.38,0.89,214.59,11.07,64.78,53.95,0.0,-0.78
3.9,5.69,13.92,9.0,1.07,2.27,4.31,493.6,116.75,0.89,229.09,10.84,64.61,53.15,0.0,-0.87
4.67,5.69,13.92,9.0,1.07,6.26,4.32,539.05,158.38,0.95,269.13,11.03,66.16,52.89,0.0,-0.77
2.55,4.79,11.24,9.0,1.07,5.36,4.37,526.95,141.39,0.94,257.87,10.98,65.91,52.61,0.0,-0.74
2.51,5.24,4.85,9.0,0.86,5.91,4.0,443.85,88.36,0.8,178.67,11.11,64.89,54.0,0.0,-1.49
2.16,5.69,13.92,9.0,1.75,7.16,4.13,502.38,110.18,0.89,239.2,10.7,64.34,51.68,0.0,-0.77
1.58,5.69,10.69,9.0,1.07,5.36,4.46,494.21,123.68,0.89,226.1,11.1,65.59,53.27,0.0,-0.9
2.51,5.06,13.92,9.0,1.86,5.36,4.66,520.57,103.99,0.92,257.18,10.51,64.41,51.03,0.0,-0.19
2.51,5.04,13.92,9.0,1.03,5.36,4.29,484.94,113.11,0.88,216.63,11.08,65.55,53.18,0.0,-1.05
1.82,5.69,13.92,9.0,1.99,5.36,4.29,509.29,117.79,0.9,247.05,10.5,64.12,50.93,0.0,-0.4
2.18,5.69,13.92,9.0,1.07,2.47,4.33,494.08,117.31,0.89,228.48,10.91,64.9,52.95,0.0,-0.87
2.51,5.67,14.41,9.0,1.07,5.36,4.85,482.63,112.6,0.88,214.95,11.11,65.54,53.37,0.0,-0.66
2.51,5.69,13.92,9.0,1.07,5.36,4.17,439.35,82.93,0.82,174.56,11.17,64.71,54.36,0.0,-1.46
2.51,5.69,13.92,9.0,1.07,6.49,4.37,483.31,111.05,0.85,213.63,11.16,65.97,53.32,0.0,-1.06
2.68,5.69,10.52,9.0,1.33,5.36,4.37,507.62,121.09,0.91,241.96,10.86,64.96,52.68,0.0,-0.76
2.51,5.69,13.92,9.0,0.85,5.36,4.41,462.33,109.42,0.86,197.65,11.21,64.68,54.28,0.0,-1.18
2.51,5.15,10.89,9.0,1.07,7.53,4.04,454.0,91.45,0.82,187.33,11.12,65.21,53.76,0.0,-1.43
2.51,5.09,13.92,9.0,1.07,5.61,4.21,479.95,109.89,0.87,213.73,11.04,65.08,53.05,0.0,-1.08
1.97,5.69,4.81,9.0,1.07,5.36,4.37,480.25,109.72,0.87,215.94,10.97,64.56,53.35,0.0,-0.95
2.09,5.69,13.92,9.0,1.16,5.65,4.45,470.52,102.92,0.86,204.2,11.09,65.13,53.82,0.0,-1.05
2.51,5.69,13.92,9.0,1.07,6.97,4.43,479.69,111.2,0.87,212.11,11.14,65.42,53.49,0.0,-1.02
2.71,5.69,10.07,9.0,1.07,5.36,4.33,499.6,121.11,0.88,229.32,11.03,66.22,52.41,0.0,-0.86
4.93,4.87,13.92,9.0,1.04,2.21,4.66,523.97,140.59,0.93,258.69,10.7,64.86,52.02,0.0,-0.28
4.91,5.69,10.98,9.0,1.75,3.93,4.56,534.05,120.22,0.95,272.5,10.46,63.82,51.26,0.0,-0.2
2.24,5.69,10.79,9.0,1.31,4.32,4.29,508.47,121.83,0.92,244.78,10.86,64.47,52.76,0.0,-0.83
2.51,5.69,9.44,9.0,1.07,6.88,4.48,494.67,120.66,0.91,227.7,11.11,65.29,54.0,0.0,-0.99
4.38,5.42,13.92,9.0,1.46,5.71,4.48,530.59,130.35,0.92,261.3,10.79,65.99,51.94,0.0,-0.5
2.51,5.62,13.92,9.0,0.97,5.36,4.68,473.95,111.61,0.86,206.83,11.16,65.31,53.51,0.0,-0.84
3.86,5.13,13.92,9.0,1.07,5.36,4.62,477.71,110.5,0.87,211.55,11.06,65.11,53.72,0.0,-0.86
1.37,5.69,14.95,9.0,1.43,7.01,4.39,462.99,102.92,0.85,199.74,10.95,64.3,53.24,0.0,-0.94
2.51,5.69,13.92,9.0,1.07,6.81,4.38,505.0,126.53,0.88,234.76,11.12,66.25,52.84,0.0,-0.91
3.39,5.69,13.92,9.0,1.07,3.07,4.34,512.58,132.64,0.9,244.01,10.92,65.72,52.51,0.0,-0.75
2.51,5.04,13.92,9.0,1.54,7.49,4.28,524.46,121.27,0.94,259.86,10.8,64.75,52.26,0.0,-0.74
2.7,5.69,13.07,9.0,1.32,3.07,4.8,528.93,132.07,0.95,261.89,10.74,65.29,52.03,0.0,-0.23
2.18,5.66,8.41,9.0,1.55,2.54,4.15,477.4,90.05,0.84,215.95,10.49,63.83,51.1,0.0,-0.64
3.39,5.69,13.92,9.0,1.07,3.07,4.34,512.58,132.64,0.9,244.01,10.92,65.72,52.51,0.0,-0.75
4.4,5.36,13.92,9.0,1.07,7.22,4.25,486.02,114.89,0.87,216.65,11.1,65.92,53.31,0.0,-1.1
3.39,5.69,12.19,9.0,1.07,2.94,4.28,482.33,111.28,0.85,216.64,10.92,65.0,53.06,0.0,-0.95
3.9,5.69,5.75,9.0,1.43,2.44,4.15,487.18,95.88,0.86,225.79,10.48,63.74,51.45,0.0,-0.65
3.39,5.73,5.65,9.0,1.24,3.07,4.19,494.21,109.88,0.87,229.34,10.69,64.79,52.11,0.0,-0.77
3.39,5.69,13.92,9.0,1.07,3.07,4.34,512.58,132.64,0.9,244.01,10.92,65.72,52.51,0.0,-0.75
2.51,4.85,4.85,9.0,1.07,3.07,4.24,491.37,113.36,0.89,229.83,10.72,63.96,52.16,0.0,-0.74
3.39,5.49,8.48,9.0,1.04,3.54,4.64,500.42,126.15,0.89,233.83,10.94,65.21,52.99,0.0,-0.61
2.51,5.01,4.85,9.0,0.86,5.91,4.22,472.15,107.46,0.84,204.12,11.05,65.59,53.05,0.0,-1.09
2.51,5.5,14.69,9.0,0.86,5.91,4.33,480.76,116.53,0.87,209.76,11.25,66.46,53.31,1.0,4.0
2.51,5.69,13.99,9.0,1.14,5.91,4.23,494.86,116.88,0.89,226.99,11.1,65.54,53.36,0.0,-1.11
2.91,5.55,4.85,9.0,1.01,3.07,4.93,594.29,198.04,1.07,324.64,10.67,66.22,51.39,1.0,4.0
2.14,5.39,4.85,9.0,0.86,2.56,4.58,455.44,91.28,0.82,189.65,10.86,64.89,52.46,0.0,-0.69
2.51,5.59,4.85,9.0,0.86,5.91,4.02,457.1,95.18,0.81,188.72,11.09,65.65,53.04,0.0,-1.32
2.51,5.69,10.64,9.0,1.36,5.91,4.36,535.15,134.65,0.97,268.44,10.88,65.24,52.37,0.0,-0.69
2.39,5.57,6.72,9.0,1.54,5.91,4.21,508.47,108.12,0.9,245.56,10.7,64.16,52.09,0.0,-0.77
2.54,5.24,13.52,9.0,0.86,5.91,4.33,463.73,105.65,0.85,195.37,11.21,65.66,53.63,0.0,-1.18
3.02,5.51,4.85,9.0,1.86,3.06,4.29,528.9,111.23,0.95,271.91,10.17,62.54,50.4,0.0,-0.16
2.51,5.78,12.33,9.0,0.86,5.91,4.32,466.99,108.07,0.85,199.59,11.21,65.35,53.59,0.0,-1.18
2.51,4.76,4.85,9.0,0.86,5.91,4.07,448.93,89.0,0.8,181.75,11.04,65.34,53.22,0.0,-1.3
2.51,5.14,4.85,9.0,1.8,3.16,4.69,516.15,101.74,0.92,259.85,10.21,62.26,50.65,0.0,0.05
1.27,5.39,14.19,9.0,1.56,5.91,4.86,509.54,133.2,0.92,245.93,10.76,64.49,52.38,0.0,-0.23
3.03,5.57,6.72,9.0,1.5,7.94,4.65,486.83,101.5,0.86,222.79,10.73,64.54,52.03,0.0,-0.46
4.88,4.9,5.15,9.0,0.83,5.91,4.15,461.7,105.47,0.82,194.85,11.0,65.24,53.04,0.0,-1.12
2.39,5.57,6.72,9.0,1.93,3.63,4.58,550.21,130.29,1.01,294.75,10.19,62.11,50.37,0.0,0.13
2.39,5.57,6.72,9.0,1.54,2.36,4.19,518.16,108.37,0.9,254.22,10.36,64.55,50.44,0.0,-0.37
3.09,5.57,14.98,9.0,1.15,5.39,4.35,502.44,124.08,0.88,232.57,11.03,66.0,52.97,0.0,-0.9
2.39,4.99,6.72,9.0,1.5,5.91,4.1,478.65,93.48,0.85,216.34,10.68,64.1,51.9,0.0,-0.88
2.39,5.27,9.98,9.0,1.43,5.83,4.26,522.51,122.11,0.92,256.13,10.82,65.19,51.99,0.0,-0.73
2.0,5.29,12.83,9.0,1.54,2.25,4.62,471.52,89.87,0.84,212.42,10.5,63.26,51.57,0.0,-0.34
2.66,5.27,8.25,9.0,0.86,7.4,4.37,492.84,128.57,0.88,225.0,11.16,65.52,53.29,0.0,-0.99
2.51,5.24,6.68,9.0,1.4,5.87,4.67,471.25,92.91,0.85,207.82,10.77,64.37,52.36,0.0,-0.55
2.51,5.3,14.02,9.0,1.46,5.83,4.42,495.81,108.26,0.9,231.46,10.84,64.59,52.54,0.0,-0.74
2.39,5.27,5.49,9.0,1.13,5.88,4.22,501.16,120.59,0.9,236.14,10.87,64.78,52.59,0.0,-0.87
2.51,5.24,4.85,9.0,0.86,2.77,4.48,526.21,149.58,0.93,260.07,10.79,65.12,52.13,0.0,-0.45
2.51,4.66,4.85,9.0,1.28,5.91,4.31,521.99,124.09,0.93,256.55,10.68,64.97,52.09,0.0,-0.61
2.39,5.27,7.48,9.0,0.85,4.81,4.3,469.17,108.23,0.86,202.78,11.11,65.07,53.59,0.0,-1.13
2.39,5.75,9.98,9.0,1.43,5.75,4.57,532.62,133.33,0.98,269.09,10.79,64.4,52.55,0.0,-0.49
2.39,5.27,9.98,9.0,1.41,5.83,4.67,497.34,109.12,0.89,232.88,10.81,64.7,52.32,0.0,-0.5
1.79,5.27,6.83,9.0,1.43,5.83,4.99,558.66,153.93,0.99,292.13,10.66,65.44,51.23,0.0,0.15
3.46,4.96,9.98,9.0,1.43,5.83,4.75,584.7,172.12,1.07,319.63,10.68,64.9,51.81,0.0,-0.04
1.47,4.65,9.98,9.0,1.71,6.39,4.33,513.27,122.78,0.93,251.96,10.56,63.77,51.4,0.0,-0.44
1.53,5.27,13.04,9.0,1.43,2.12,4.4,514.48,127.64,0.93,254.73,10.52,63.52,51.54,0.0,-0.36
2.77,5.27,9.98,9.0,1.03,5.83,4.3,495.02,121.52,0.89,226.82,11.07,65.57,53.46,0.0,-1.03
1.52,5.27,9.98,9.0,1.41,5.83,4.28,514.61,129.9,0.92,250.18,10.82,64.7,52.38,0.0,-0.73
3.06,5.27,11.71,9.0,1.43,6.13,4.47,543.0,141.92,0.98,277.66,10.8,65.0,52.45,0.0,-0.53
1.52,4.84,4.85,9.0,1.27,4.99,4.44,487.28,108.87,0.88,225.51,10.72,63.99,52.06,0.0,-0.59
2.12,5.26,9.18,9.0,1.31,5.83,4.31,489.65,109.76,0.89,223.18,10.93,65.08,53.16,0.0,-0.95
1.89,5.27,8.26,9.0,1.55,7.53,4.3,517.4,123.4,0.93,253.96,10.75,64.41,52.4,0.0,-0.7
1.58,5.27,7.26,9.0,1.41,5.83,4.18,521.7,132.39,0.91,254.52,10.76,65.55,51.4,0.0,-0.64
2.51,4.84,4.85,9.0,1.89,5.91,4.71,493.44,92.07,0.9,237.72,10.32,62.23,51.08,0.0,-0.09
2.37,5.25,9.98,9.0,1.41,5.86,4.48,540.58,138.99,1.0,276.35,10.78,64.64,52.53,0.0,-0.53
3.83,5.05,4.85,9.0,1.09,3.02,4.34,522.47,134.84,0.92,256.58,10.68,65.01,51.83,0.0,-0.51
4.03,5.57,14.55,9.0,1.14,5.2,4.19,492.1,116.86,0.88,223.21,10.99,65.77,52.73,0.0,-1.0
3.69,5.45,9.98,9.0,0.93,5.83,4.26,459.98,101.99,0.83,192.58,11.15,65.37,53.61,0.0,-1.21
1.52,5.35,14.84,9.0,1.41,6.32,4.49,526.61,139.58,0.92,257.44,10.91,65.94,52.13,0.0,-0.55
2.92,4.71,4.87,9.0,1.41,5.83,4.66,498.94,109.67,0.89,237.35,10.62,63.85,51.97,0.0,-0.35
3.7,4.79,11.74,9.0,1.18,6.23,4.26,467.18,97.56,0.85,199.74,11.03,65.36,53.42,0.0,-1.13
3.97,5.27,14.75,9.0,1.41,4.6,4.71,523.48,128.76,0.94,258.71,10.77,64.76,52.42,0.0,-0.38
4.21,5.27,13.32,9.0,2.0,7.55,4.65,519.06,105.26,0.95,261.93,10.46,62.61,52.3,0.0,-0.31
3.35,5.27,9.98,9.0,0.93,5.83,4.16,445.8,90.49,0.8,178.93,11.16,65.23,53.64,0.0,-1.35
1.52,4.69,5.66,9.0,1.41,4.1,4.85,520.88,127.03,0.93,260.35,10.54,63.59,51.38,0.0,-0.01
2.51,5.33,4.85,9.0,0.86,5.91,4.18,483.09,116.22,0.87,215.14,11.07,65.59,52.89,0.0,-1.08
2.96,4.76,4.85,9.0,1.1,3.18,4.27,471.41,98.15,0.86,209.8,10.72,63.89,52.58,1.0,4.0
2.51,4.73,4.85,9.0,0.86,5.91,4.3,503.59,133.43,0.9,236.42,10.98,65.31,52.92,0.0,-0.86
4.61,5.24,4.85,9.0,0.86,5.91,4.21,450.22,93.1,0.8,182.4,11.07,65.54,53.1,0.0,-1.18
3.98,5.24,4.85,9.0,0.86,6.15,4.26,504.37,136.45,0.9,236.16,11.04,65.63,53.2,0.0,-0.95
2.51,5.24,4.85,9.0,0.86,5.91,4.0,443.85,88.36,0.8,178.67,11.11,64.89,54.0,0.0,-1.49
2.51,5.24,13.89,9.0,0.86,6.68,4.31,480.18,122.0,0.89,215.15,11.16,64.79,54.03,0.0,-1.15
4.67,4.75,4.85,9.0,0.86,5.91,4.35,508.98,145.13,0.93,245.48,10.91,64.42,53.2,0.0,-0.77
2.95,5.24,4.37,9.0,0.86,2.18,4.21,477.74,109.67,0.85,215.29,10.73,64.07,52.45,0.0,-0.82
4.66,4.74,10.89,9.0,1.49,5.91,4.53,598.69,174.33,1.01,328.53,10.67,66.91,50.53,0.0,-0.04
2.51,5.24,11.88,9.0,1.42,5.91,4.35,541.33,138.12,0.97,276.01,10.77,64.96,51.96,0.0,-0.56
4.69,5.24,6.82,9.0,1.08,5.91,4.17,451.94,90.68,0.82,186.65,11.01,64.93,53.55,0.0,-1.24
2.82,5.24,4.85,9.0,0.86,7.28,4.26,478.96,117.19,0.87,213.52,11.05,64.92,53.43,0.0,-1.07
2.57,5.49,4.85,9.0,1.85,5.18,4.63,478.95,82.05,0.86,220.63,10.39,62.9,51.24,0.0,-0.26
2.51,5.7,4.85,9.0,0.86,7.15,4.61,463.34,102.48,0.85,196.78,11.11,65.19,53.93,0.0,-0.95
2.51,5.24,4.85,9.0,1.07,5.91,4.43,494.89,117.63,0.9,230.29,10.93,64.65,53.3,0.0,-0.84
4.69,5.24,7.24,9.0,1.52,5.91,4.47,589.63,166.75,1.01,320.49,10.59,66.24,51.33,0.0,-0.16
3.92,4.94,6.82,9.0,0.92,2.2,4.19,465.78,97.95,0.82,201.23,10.75,64.66,52.3,0.0,-0.88
4.69,5.24,6.82,9.0,1.04,3.78,4.48,554.09,168.22,0.99,288.33,10.78,65.02,52.49,0.0,-0.41
4.69,5.51,6.13,9.0,1.7,5.91,4.77,562.44,141.13,0.99,299.69,10.45,64.2,51.28,0.0,0.06
1.86,5.24,4.85,9.0,1.74,5.91,4.86,488.48,102.4,0.89,231.29,10.45,62.67,51.64,0.0,-0.08
2.93,5.37,6.22,9.0,1.0,5.99,4.18,479.6,109.68,0.85,210.44,11.03,65.84,52.9,0.0,-1.08
3.79,4.84,4.17,9.0,1.32,5.91,4.54,485.44,103.83,0.85,222.09,10.64,64.31,51.72,0.0,-0.45
4.69,5.24,6.82,9.0,1.08,5.91,4.17,451.94,90.68,0.82,186.65,11.01,64.93,53.55,0.0,-1.24
4.21,5.27,4.85,9.0,1.98,5.77,4.44,547.69,115.71,0.95,287.68,10.25,63.56,49.97,0.0,-0.02
3.79,5.13,4.42,9.0,0.91,7.47,4.38,525.68,148.94,0.93,256.5,10.94,65.88,52.64,0.0,-0.68
3.79,4.84,4.17,9.0,1.32,2.36,4.26,493.19,104.1,0.88,236.18,10.34,62.66,51.31,0.0,-0.43
3.79,4.84,10.52,9.0,1.32,5.91,4.43,542.35,143.75,0.97,273.56,10.8,65.92,52.03,0.0,-0.5
3.79,4.84,4.17,9.0,1.37,7.02,4.31,492.76,106.01,0.88,230.0,10.67,64.25,52.1,0.0,-0.68
2.51,5.18,4.85,9.0,0.86,5.61,4.03,433.9,81.44,0.79,170.36,11.1,64.37,53.95,0.0,-1.49
3.79,4.86,4.85,9.0,1.32,5.91,4.36,558.11,151.21,0.98,291.08,10.63,65.53,51.14,0.0,-0.32
2.97,4.89,4.17,9.0,0.86,5.91,4.24,476.57,111.87,0.85,209.3,11.0,65.29,53.18,0.0,-1.04
1.63,5.24,4.08,9.0,1.03,5.34,4.8,475.37,106.49,0.86,209.25,10.92,65.06,52.95,0.0,-0.56
3.54,5.24,4.85,9.0,1.22,2.98,4.36,528.11,135.09,0.96,265.42,10.52,64.14,51.59,0.0,-0.37
2.29,5.24,4.85,9.0,0.87,5.91,4.66,471.73,107.14,0.85,204.26,11.05,65.43,53.2,0.0,-0.77
3.57,5.32,4.85,9.0,0.86,2.17,4.07,446.96,86.59,0.81,185.12,10.76,63.9,53.02,0.0,-1.11
4.97,4.99,4.85,9.0,0.86,3.26,4.15,477.14,111.72,0.84,209.88,10.85,65.4,52.38,0.0,-0.93
2.51,5.74,7.06,9.0,0.86,3.25,4.79,467.2,105.11,0.85,200.26,11.0,65.28,53.52,0.0,-0.69
2.51,5.24,9.87,9.0,0.86,5.91,4.17,459.19,98.89,0.82,190.17,11.17,65.8,53.16,0.0,-1.26
2.51,5.32,4.85,9.0,1.06,5.91,4.16,474.38,102.47,0.85,207.49,10.97,65.17,53.02,0.0,-1.11
3.67,5.41,14.44,9.0,0.86,5.91,4.27,489.32,126.79,0.86,219.61,11.13,66.1,52.93,0.0,-1.01
2.51,5.01,4.85,9.0,1.76,4.29,4.18,530.37,109.62,0.92,267.14,10.35,64.51,50.14,0.0,-0.33
1.58,5.24,4.85,9.0,0.86,5.91,4.29,454.19,94.47,0.82,187.32,11.08,65.27,53.41,0.0,-1.15
2.51,4.83,4.85,9.0,0.86,5.03,4.17,473.12,110.08,0.85,207.35,11.01,65.01,53.23,0.0,-1.12
2.51,5.24,4.85,9.0,1.99,5.91,4.16,508.05,93.24,0.88,246.67,10.28,64.19,49.58,0.0,-0.31
2.51,5.24,4.85,9.0,0.86,5.66,4.22,457.81,96.29,0.81,189.01,11.06,65.77,52.67,0.0,-1.1
2.51,5.48,4.85,9.0,0.86,7.97,4.75,467.28,105.3,0.86,199.52,11.13,65.41,54.02,0.0,-0.86
2.51,5.24,9.48,9.0,0.86,5.91,4.44,478.56,119.63,0.88,213.42,11.11,64.8,53.65,1.0,4.0
4.44,4.79,4.85,9.0,1.04,5.93,4.25,479.07,108.41,0.86,212.77,10.93,65.12,53.17,0.0,-1.01
2.51,5.24,4.85,9.0,1.98,5.33,4.18,509.29,94.42,0.9,252.11,10.27,62.68,50.48,0.0,-0.39
4.5,4.76,4.85,9.0,0.86,6.62,4.6,569.88,192.24,1.01,298.74,10.84,66.81,51.92,0.0,-0.18
2.51,5.24,9.17,9.0,1.09,2.52,5.13,562.05,164.0,1.02,295.33,10.68,65.24,52.01,0.0,0.2
2.51,4.87,11.33,9.0,0.86,5.91,4.34,464.87,106.79,0.85,197.81,11.19,65.28,54.0,0.0,-1.2
2.51,5.24,4.85,9.0,1.2,2.88,4.22,507.2,116.97,0.92,245.75,10.6,63.83,51.96,0.0,-0.64
2.51,5.24,4.85,9.0,0.86,5.91,4.0,443.85,88.36,0.8,178.67,11.11,64.89,54.0,0.0,-1.49
2.51,4.91,4.85,9.0,0.93,6.8,4.69,486.82,117.69,0.88,219.98,10.99,65.26,53.17,0.0,-0.66
3.53,5.24,4.85,9.0,0.86,6.99,4.72,511.96,142.97,0.89,241.76,10.95,66.57,51.93,0.0,-0.36
2.51,5.24,4.85,9.0,0.91,6.17,4.81,516.27,140.66,0.92,247.76,10.97,65.71,52.67,0.0,-0.4
1.44,5.58,14.13,9.0,1.73,5.91,4.19,508.91,128.35,0.92,246.56,10.65,64.12,51.72,0.0,-0.62
2.51,5.24,4.85,9.0,0.78,2.17,4.17,520.92,144.4,0.92,253.78,10.76,65.34,51.93,0.0,-0.67
3.28,5.24,11.49,9.0,0.88,5.91,4.16,451.7,98.48,0.82,184.96,11.17,65.2,53.39,0.0,-1.29
2.51,5.7,4.85,9.0,1.39,5.91,4.18,495.91,106.53,0.88,232.7,10.71,64.41,51.96,0.0,-0.79
2.51,4.87,11.33,9.0,0.86,5.91,4.34,464.87,106.79,0.85,197.81,11.19,65.28,54.0,0.0,-1.2
2.55,5.45,6.57,9.0,0.86,7.22,4.77,480.15,118.13,0.87,212.84,11.12,65.36,53.3,0.0,-0.7
2.51,5.7,4.85,9.0,1.39,2.76,4.19,508.42,113.55,0.9,248.83,10.49,63.42,51.41,0.0,-0.55
2.1,5.7,8.53,9.0,1.39,5.91,4.73,471.19,93.12,0.85,206.73,10.85,64.64,52.33,0.0,-0.55
4.8,5.04,4.85,9.0,1.39,7.6,4.41,566.03,158.75,0.97,299.02,10.64,65.31,51.44,0.0,-0.29
2.7,5.7,4.85,9.0,1.39,5.91,4.04,476.76,91.96,0.83,210.72,10.78,65.08,51.55,0.0,-0.95
1.56,5.7,7.83,9.0,1.39,5.42,4.25,488.86,119.14,0.88,226.25,10.81,64.17,52.4,0.0,-0.8
2.51,5.19,4.85,9.0,0.91,7.43,4.63,463.82,102.16,0.83,196.15,11.06,65.46,53.4,0.0,-0.85
2.51,5.29,13.5,9.0,1.2,4.52,4.3,484.12,107.82,0.89,218.17,10.98,65.03,53.58,0.0,-1.05
2.9,4.73,4.49,9.0,0.78,5.91,4.04,451.21,92.48,0.81,182.93,11.07,65.6,53.05,2.0,4.0
2.51,5.24,13.66,9.0,0.83,5.91,4.16,446.58,92.81,0.8,177.74,11.26,65.65,53.67,0.0,-1.4
1.8,5.24,4.85,9.0,1.78,4.83,4.18,474.11,91.32,0.85,216.25,10.41,62.78,51.24,0.0,-0.58
4.75,5.46,6.99,9.0,1.89,5.91,4.32,522.48,108.93,0.92,260.86,10.4,63.95,51.15,0.0,-0.38
2.51,4.99,4.85,9.0,1.17,2.09,4.14,483.4,97.89,0.85,221.69,10.5,63.96,51.16,0.0,-0.63
2.51,5.78,4.85,9.0,0.86,5.91,4.04,452.94,92.44,0.81,184.97,11.13,65.58,53.19,0.0,-1.36
2.49,5.24,9.15,9.0,0.86,5.91,4.2,448.96,95.29,0.81,183.11,11.16,64.98,53.5,1.0,4.0
2.51,5.24,12.45,9.0,1.55,7.94,4.57,555.07,143.15,1.01,290.03,10.73,64.85,51.79,0.0,-0.33
2.51,4.78,4.85,9.0,1.25,4.03,4.38,511.71,120.39,0.91,248.53,10.66,64.26,51.97,0.0,-0.54
2.92,5.66,4.85,9.0,0.86,2.31,4.25,471.34,105.11,0.85,207.82,10.86,64.39,53.28,0.0,-0.99
2.16,5.31,4.85,9.0,1.44,5.91,4.2,479.35,94.36,0.86,217.36,10.68,64.0,52.15,0.0,-0.83
2.51,5.66,13.04,9.0,0.89,5.91,4.41,485.86,120.12,0.89,217.77,11.18,65.62,53.29,0.0,-1.0
2.51,4.59,4.85,9.0,1.32,5.91,4.2,500.75,110.78,0.9,238.16,10.68,64.14,51.89,0.0,-0.73
5.0,5.32,4.85,9.0,0.86,5.91,4.25,467.44,108.08,0.85,200.59,11.04,65.27,53.77,0.0,-1.15
4.59,5.24,6.99,9.0,0.86,3.33,4.24,472.86,111.82,0.84,206.65,11.01,65.08,53.17,0.0,-1.05
1.89,5.24,4.85,9.0,1.8,6.18,4.66,486.66,100.19,0.88,229.92,10.41,62.42,51.47,0.0,-0.2
2.51,5.24,4.85,9.0,0.86,6.62,4.18,457.48,96.38,0.82,189.53,11.09,65.55,53.24,0.0,-1.22
4.59,5.24,9.1,9.0,0.86,6.1,4.24,482.41,124.33,0.87,214.64,11.09,65.52,53.28,0.0,-1.06
3.04,5.24,6.99,9.0,0.86,6.66,4.17,481.51,119.39,0.87,213.79,11.11,65.47,53.36,0.0,-1.16
4.59,5.19,7.63,9.0,0.86,6.92,4.45,472.63,113.41,0.84,203.79,11.09,65.85,53.07,0.0,-0.92
1.64,5.24,5.59,9.0,0.86,3.33,4.72,488.16,121.17,0.88,222.31,10.96,65.01,52.98,4.0,4.0
4.59,5.55,4.85,9.0,1.86,2.05,4.28,501.52,92.93,0.89,249.61,9.99,61.2,50.26,0.0,-0.12
4.59,5.45,6.99,9.0,0.86,3.33,4.14,456.47,99.8,0.82,191.12,10.97,64.88,53.29,0.0,-1.17
4.67,5.37,6.99,9.0,1.89,3.97,4.73,620.9,176.43,1.05,358.06,10.16,64.52,49.59,0.0,0.55
2.02,5.24,8.11,9.0,0.86,3.33,4.3,493.73,127.8,0.9,228.3,11.02,64.88,53.69,2.0,4.0
2.51,5.24,4.85,9.0,0.86,5.91,4.0,443.85,88.36,0.8,178.67,11.11,64.89,54.0,0.0,-1.49
3.54,5.11,14.44,9.0,1.35,7.89,4.74,593.86,188.37,1.1,326.15,10.83,65.54,52.61,0.0,-0.17
1.52,5.46,8.25,9.0,0.86,4.48,4.44,495.07,128.81,0.89,226.77,11.09,65.65,53.11,3.0,4.0
2.51,5.24,6.82,9.0,0.91,5.94,4.13,498.39,128.53,0.88,229.32,11.07,65.89,52.59,0.0,-1.03
2.51,5.13,14.54,9.0,1.24,7.26,4.42,508.78,123.12,0.92,241.47,10.99,65.44,52.93,0.0,-0.82
2.51,5.24,4.85,9.0,0.86,5.91,4.0,443.85,88.36,0.8,178.67,11.11,64.89,54.0,0.0,-1.49
2.51,5.24,4.85,9.0,0.86,5.4,4.12,470.67,107.1,0.85,204.28,11.06,65.14,53.61,0.0,-1.25
2.51,5.64,13.66,9.0,1.46,5.91,4.29,514.81,117.45,0.93,249.82,10.87,64.8,52.79,0.0,-0.85
1.39,5.58,9.63,9.0,0.93,7.89,4.33,480.02,117.01,0.88,211.9,11.19,65.54,53.57,0.0,-1.12
3.48,5.11,14.44,9.0,1.35,7.89,4.26,493.45,114.56,0.9,229.16,10.97,64.64,53.53,0.0,-1.04
3.54,5.11,14.44,9.0,1.35,5.87,4.34,500.19,116.13,0.89,234.03,10.94,65.08,52.88,0.0,-0.88
3.54,5.11,14.33,9.0,1.35,4.09,4.34,486.59,103.65,0.87,221.1,10.83,64.94,52.87,0.0,-0.86
3.54,5.11,14.44,9.0,1.64,7.89,4.85,514.08,117.12,0.93,251.27,10.73,64.23,52.23,0.0,-0.27
1.64,5.53,14.44,9.0,1.35,7.97,4.39,502.49,123.94,0.9,234.72,10.98,65.54,52.51,0.0,-0.79
3.54,5.7,8.48,9.0,0.96,2.94,4.26,493.54,122.28,0.88,227.17,10.91,65.13,53.13,0.0,-0.92
3.54,5.6,14.26,9.0,1.35,7.89,4.26,491.44,107.39,0.85,221.4,11.01,66.17,52.68,0.0,-0.99
2.51,4.66,4.85,9.0,1.55,5.91,4.22,492.22,97.72,0.88,230.31,10.55,64.03,51.25,0.0,-0.61
2.51,5.24,8.06,9.0,1.36,6.31,4.15,454.79,82.42,0.82,190.43,10.89,64.58,52.9,0.0,-1.13
4.69,5.24,3.91,9.0,1.83,4.71,4.42,531.41,115.69,0.94,273.62,10.24,62.77,50.76,0.0,-0.13
4.64,5.39,4.85,9.0,0.85,5.91,4.19,463.58,105.68,0.82,195.58,11.04,65.6,53.05,0.0,-1.12
3.44,5.24,4.85,9.0,0.86,7.97,4.1,457.46,99.1,0.81,189.78,11.07,65.49,52.73,0.0,-1.2
2.51,5.4,13.57,9.0,1.48,7.75,4.31,517.82,120.71,0.94,253.29,10.87,64.75,52.59,0.0,-0.8
4.26,5.24,4.85,9.0,1.75,5.91,4.19,478.5,86.3,0.85,218.25,10.45,63.46,51.35,0.0,-0.63
2.76,5.73,4.85,9.0,1.59,6.89,4.83,514.38,116.18,0.92,253.65,10.56,63.6,51.83,0.0,-0.13
1.77,4.96,4.85,9.0,1.48,7.75,4.1,467.25,88.57,0.84,205.18,10.7,63.98,52.09,0.0,-0.93
2.51,5.32,13.57,9.0,1.41,5.91,4.26,497.19,110.66,0.89,231.34,10.91,65.03,52.8,0.0,-0.93
1.89,4.76,13.57,9.0,1.48,6.42,4.52,535.04,131.56,0.96,270.28,10.78,64.8,52.04,0.0,-0.47
2.1,5.32,13.57,9.0,1.48,7.75,4.7,494.08,105.78,0.88,227.61,10.83,65.21,51.71,0.0,-0.43
4.84,5.79,13.57,9.0,1.12,3.96,4.54,498.98,120.1,0.89,230.51,10.98,65.73,53.12,0.0,-0.76
3.08,5.23,13.57,9.0,1.48,6.46,4.28,516.29,121.59,0.91,249.07,10.83,65.38,52.35,0.0,-0.77
4.74,5.4,11.08,9.0,1.69,5.21,4.56,606.04,171.8,1.01,338.79,10.52,65.74,50.27,0.0,0.1
3.87,5.24,13.57,9.0,1.13,5.91,4.19,460.64,93.77,0.81,191.48,11.08,65.86,52.84,0.0,-1.17
2.51,5.4,13.57,9.0,1.48,7.75,4.31,517.82,120.71,0.94,253.29,10.87,64.75,52.59,0.0,-0.8
2.51,5.48,10.02,9.0,1.4,7.75,4.77,535.9,133.42,0.96,267.87,10.86,65.58,52.3,0.0,-0.35
2.29,5.4,13.57,9.0,1.86,7.75,4.66,482.1,89.61,0.84,216.8,10.65,64.85,51.18,0.0,-0.36
3.01,5.4,5.05,9.0,1.48,6.72,4.34,512.56,117.15,0.92,250.36,10.64,64.09,51.78,0.0,-0.55
2.51,5.56,13.57,9.0,1.48,7.75,4.38,547.08,137.05,0.97,278.09,10.86,65.91,51.97,0.0,-0.6
2.51,4.95,13.57,9.0,1.48,7.75,4.27,500.16,108.5,0.89,234.6,10.87,65.02,52.56,0.0,-0.88
3.4,5.17,11.27,9.0,1.48,2.35,4.06,446.57,73.71,0.79,187.53,10.55,63.25,51.76,0.0,-0.89
2.51,5.4,13.57,9.0,1.48,5.73,4.28,484.89,102.17,0.89,223.22,10.81,63.93,52.72,0.0,-0.88
2.91,5.71,11.54,9.0,0.86,5.91,4.43,491.53,129.11,0.89,223.44,11.18,65.53,53.45,0.0,-0.97
2.6,5.24,10.93,9.0,0.86,5.91,4.68,460.74,102.89,0.84,193.22,11.2,65.37,53.63,0.0,-0.92
4.16,4.83,10.94,9.0,0.86,5.91,4.33,493.74,133.76,0.9,229.21,11.05,64.6,53.59,0.0,-0.96
4.28,5.12,5.52,9.0,0.88,7.36,4.4,467.29,109.25,0.84,200.81,11.05,65.15,53.12,0.0,-0.95
2.51,5.38,13.71,9.0,0.86,5.91,4.14,453.53,96.75,0.82,183.91,11.25,65.99,53.65,0.0,-1.4
2.74,5.24,4.85,9.0,0.95,5.33,4.1,484.57,111.61,0.86,215.71,10.99,65.77,52.69,0.0,-1.09
2.41,5.24,4.85,9.0,0.86,5.91,4.39,503.03,132.71,0.9,234.9,11.01,65.6,53.18,0.0,-0.85
1.6,4.84,8.71,9.0,1.58,5.91,4.34,474.09,95.2,0.86,211.72,10.67,64.11,51.9,0.0,-0.68
2.42,5.24,4.85,9.0,0.95,3.55,4.19,489.82,120.63,0.89,227.5,10.88,64.06,53.11,0.0,-0.96
4.86,5.24,12.43,9.0,0.95,3.7,4.62,564.69,183.78,1.04,297.9,10.88,65.22,52.96,0.0,-0.35
2.74,5.37,13.14,9.0,0.8,2.69,4.56,477.58,114.34,0.85,209.27,11.02,65.65,52.76,0.0,-0.75
2.74,5.65,4.85,9.0,0.95,2.34,4.34,481.57,107.61,0.86,216.61,10.77,64.74,52.35,0.0,-0.74
2.74,4.67,13.89,9.0,1.39,5.91,4.3,497.18,109.05,0.89,231.65,10.85,65.0,52.42,0.0,-0.83
2.74,5.24,4.85,9.0,0.95,5.33,4.1,484.57,111.61,0.86,215.71,10.99,65.77,52.69,0.0,-1.09
2.74,5.24,14.97,9.0,1.73,7.34,4.54,569.08,145.94,1.04,305.83,10.62,64.45,51.28,0.0,-0.21
1.91,5.61,4.85,9.0,1.03,5.33,4.36,478.06,108.49,0.87,212.77,11.0,64.89,53.26,1.0,4.0
2.51,5.24,4.85,9.0,0.86,3.87,4.23,459.52,95.8,0.81,191.52,10.97,65.61,52.42,0.0,-1.01
2.51,5.24,4.29,9.0,1.29,6.06,4.81,508.76,119.92,0.91,245.58,10.72,64.28,52.06,0.0,-0.26
2.51,5.24,12.99,9.0,1.39,6.57,4.48,538.59,139.22,0.98,273.18,10.82,64.98,52.61,0.0,-0.57
2.51,5.24,4.85,9.0,1.02,6.5,4.24,469.46,99.75,0.84,201.62,11.02,65.52,53.13,0.0,-1.1
1.96,5.24,13.13,9.0,1.23,7.27,4.39,498.02,119.05,0.91,233.15,11.01,64.69,53.54,0.0,-0.95
2.51,5.24,4.85,9.0,0.89,5.91,4.09,461.98,100.53,0.84,196.57,11.06,64.92,53.49,0.0,-1.28
2.51,5.79,4.85,9.0,1.99,2.13,4.48,558.45,129.79,1.0,304.37,9.89,61.65,49.3,0.0,0.37
1.78,5.31,4.85,9.0,0.86,5.91,4.25,460.65,99.8,0.84,193.69,11.09,65.27,53.33,1.0,4.0
2.61,5.24,4.85,9.0,1.57,4.59,4.07,450.36,74.34,0.8,190.66,10.54,63.47,51.33,0.0,-0.82
2.51,5.2,8.87,9.0,0.86,5.91,4.01,450.82,92.8,0.8,181.36,11.21,65.99,53.33,0.0,-1.45
2.11,5.03,7.25,9.0,0.86,2.33,4.49,515.53,141.25,0.92,249.81,10.82,64.94,52.33,0.0,-0.52
3.55,5.24,5.09,9.0,0.86,4.5,4.53,548.47,173.67,1.01,280.53,10.87,65.59,52.98,0.0,-0.46
1.82,5.41,14.78,9.0,1.18,7.0,4.42,515.62,131.83,0.92,246.36,11.09,65.86,53.04,0.0,-0.86
2.51,4.64,4.85,9.0,0.86,7.46,4.12,480.71,113.75,0.86,213.02,11.02,65.52,52.76,0.0,-1.09
4.65,5.24,11.04,9.0,0.86,5.91,4.3,463.19,106.73,0.83,194.09,11.14,65.78,53.45,0.0,-1.14
2.51,5.39,4.5,9.0,0.86,6.79,4.68,482.72,120.33,0.9,218.47,11.03,64.58,53.92,0.0,-0.77
2.51,5.24,4.85,9.0,1.62,5.91,4.15,459.14,80.02,0.85,202.86,10.56,62.4,52.14,0.0,-0.85
2.51,5.24,8.75,9.0,1.0,3.17,4.3,492.22,115.98,0.88,224.94,10.94,65.31,52.93,0.0,-0.91
2.51,5.24,4.85,9.0,1.48,5.91,4.21,480.62,95.21,0.85,218.34,10.66,64.04,51.73,0.0,-0.75
2.51,5.24,14.38,9.0,0.86,6.37,4.34,449.11,95.87,0.82,181.67,11.26,65.36,54.24,1.0,4.0
2.51,5.24,6.56,9.0,1.72,5.91,4.39,524.74,114.61,0.95,264.61,10.49,63.47,51.58,0.0,-0.41
2.51,5.49,4.85,9.0,0.86,5.91,4.24,513.12,141.02,0.91,244.29,11.06,65.77,52.79,0.0,-0.91
4.05,5.74,4.85,9.0,1.07,5.91,4.28,502.36,122.06,0.89,233.22,10.93,65.88,52.43,0.0,-0.84
4.7,5.52,4.85,9.0,1.08,5.91,4.2,475.72,105.44,0.85,208.5,10.98,65.28,53.23,0.0,-1.1
2.51,5.24,6.56,9.0,1.72,3.3,4.2,465.03,77.94,0.84,206.69,10.41,62.88,51.32,0.0,-0.63
2.51,5.24,6.56,9.0,1.72,5.91,4.39,524.74,114.61,0.95,264.61,10.49,63.47,51.58,0.0,-0.41
2.51,5.38,6.56,9.0,1.69,5.91,4.25,487.2,94.03,0.88,226.65,10.57,63.55,51.4,0.0,-0.63
2.51,5.46,14.67,9.0,1.87,4.55,4.78,493.07,96.94,0.9,236.7,10.49,62.5,51.68,0.0,-0.19
2.51,5.44,6.56,9.0,1.77,5.91,4.28,503.62,97.5,0.9,243.61,10.5,63.41,51.1,0.0,-0.51
2.51,5.17,6.56,9.0,1.72,5.91,4.32,531.72,118.1,0.98,271.02,10.48,63.58,51.55,0.0,-0.44
2.51,5.24,6.56,9.0,0.93,6.03,4.21,463.56,101.65,0.84,197.53,11.08,65.07,53.5,0.0,-1.2
2.51,5.24,6.56,9.0,1.57,5.91,4.61,510.64,110.31,0.92,249.83,10.61,63.73,51.78,0.0,-0.35
2.65,5.24,4.63,9.0,0.8,6.55,4.27,498.43,136.47,0.92,232.98,11.08,64.98,53.87,12.0,4.0
4.09,5.24,12.07,9.0,1.31,5.31,4.48,563.35,157.02,0.98,293.56,10.83,66.27,51.94,0.0,-0.42
4.95,5.73,6.56,9.0,1.72,3.3,4.56,581.74,155.17,1.03,321.53,10.25,63.62,50.46,0.0,0.17
2.51,5.24,6.56,9.0,1.72,4.26,4.18,500.6,99.84,0.9,241.23,10.45,63.24,51.5,0.0,-0.6
2.51,5.24,12.99,9.0,1.19,5.91,4.22,484.69,108.73,0.89,218.99,11.04,65.0,53.51,0.0,-1.14
2.51,4.85,4.85,9.0,0.86,5.91,4.17,474.56,112.29,0.88,210.54,11.03,64.59,53.54,0.0,-1.16
2.51,4.91,9.67,9.0,1.72,3.3,4.49,573.63,143.57,1.03,312.75,10.31,63.69,50.73,0.0,0.0
3.89,5.24,6.56,9.0,1.72,4.55,4.31,503.25,102.55,0.91,245.63,10.41,62.83,51.61,0.0,-0.47
2.51,5.24,14.55,9.0,1.34,2.04,4.47,554.79,144.45,0.99,290.11,10.55,64.7,51.33,0.0,-0.23
2.51,5.72,13.64,9.0,1.72,7.3,4.14,484.8,91.75,0.84,218.34,10.71,65.53,50.92,0.0,-0.76
2.51,4.93,6.56,9.0,1.72,3.3,4.34,554.24,130.1,0.99,293.92,10.3,63.59,50.66,0.0,-0.16
3.1,5.24,6.49,9.0,1.72,7.29,4.29,471.86,86.95,0.87,213.52,10.58,62.96,52.24,0.0,-0.74
2.51,5.77,6.56,9.0,1.72,3.3,4.17,478.68,86.09,0.86,219.26,10.43,63.18,51.23,0.0,-0.62
2.87,5.41,7.63,9.0,1.4,2.08,4.15,474.99,91.69,0.85,216.96,10.51,63.04,51.74,0.0,-0.72
1.32,5.14,6.56,9.0,1.72,5.66,4.15,484.6,105.06,0.85,222.72,10.55,64.03,50.99,0.0,-0.6
4.69,5.24,6.56,9.0,1.79,3.3,4.42,522.88,110.08,0.94,266.54,10.28,62.32,51.09,0.0,-0.22
2.51,5.31,4.85,9.0,0.86,5.91,4.05,448.84,89.91,0.79,181.14,11.09,65.46,53.21,0.0,-1.34
4.23,5.08,4.85,9.0,0.86,7.4,4.64,516.6,144.73,0.91,246.29,10.98,66.3,52.48,0.0,-0.5
1.38,5.24,4.85,9.0,0.86,6.85,4.17,456.9,98.55,0.84,192.12,11.11,64.7,53.73,3.0,4.0
2.51,5.24,8.76,9.0,0.86,5.91,4.06,439.53,86.69,0.79,173.16,11.17,65.12,53.57,0.0,-1.44
2.51,5.24,7.44,9.0,0.86,5.91,4.14,453.63,95.11,0.83,186.7,11.13,65.24,53.6,1.0,4.0
