,edge,flow,density
0,-16719067,0.0,0
1,-16719698#0,0.0,0
2,-16719698#1,0.0,0
3,-16720136#1,0.0,0
4,-16720145#0,1.65,0.07
5,-16720145#1,2.47,0.16
6,-16720242#0,0.0,0
7,-16720242#1,0.0,0
8,-16720242#2,0.0,0
9,-16720478,0.0,0
10,-16721105,9.07,0.35
11,-16721125#0,8.24,0.41
12,-16721125#1,6.59,0.19
13,-16721128#0,8.24,0.34
14,-16721128#1,4.12,0.13
15,-16721128#2,0.82,0.12
16,-16721128#3,0.0,0
17,-16721196#0,11.54,0.26
18,-16721196#3,10.72,0.46
19,-16721196#4,10.72,0.38
20,-16721196#6,3.3,0.21
21,-16721196#7,6.59,0.21
22,-16721196#8,0.0,0.07
23,-16721208,4.95,0.13
24,-16721382#0,6.59,0.16
25,-16721382#1,7.42,0.2
26,-16721382#2,4.95,0.19
27,-16721382#4,4.95,0.12
28,-16721382#5,12.37,0.44
29,-16721382#6,8.24,0.22
30,-16721382#7,0.0,0.15
31,-16721393,0.0,0.11
32,-16721404#0,2.47,0.09
33,-16721404#1,2.47,0.09
34,-16721404#2,11.54,0.66
35,-16721404#3,9.89,0.22
36,-16721404#4,10.72,0.25
37,-16721404#5,9.07,0.54
38,-16721576#0,1.65,0.03
39,-16721576#1,12.37,0.4
40,-16721682,1.65,0.07
41,-16721684#1,1.65,0.04
42,-16721684#2,2.47,0.18
43,-16721684#3,0.82,0.06
44,-16721687#0,3.3,0.17
45,-16721699#1,18.14,1.35
46,-16721699#2,16.49,0.58
47,-16721699#3,17.31,0.42
48,-16721699#4,15.66,0.39
49,-16721739,0.82,0.04
50,-16721742#0,12.37,0.56
51,-16721742#1,10.72,0.62
52,-16721785,2.47,0.07
53,-16721791#1,4.12,1.76
54,-16721791#2,4.95,0.15
55,-16721791#3,7.42,7.88
56,-16721791#4,0.0,0
57,-16721822#0,0.0,0.04
58,-16721822#1,5.77,0.21
59,-16721885#0,0.82,0.02
60,-16721885#1,4.12,0.18
61,-16721885#2,4.12,0.13
62,-16721910,0.0,0.13
63,-16722050,13.19,0.62
64,-16722134#0,0.82,0.02
65,-16722134#1,2.47,0.2
66,-16722175,9.89,0.31
67,-16722232,1.65,0.06
68,-16722253#0,2.47,0.1
69,-16722253#1,0.0,0.05
70,-16722318,3.3,0.08
71,-16722369#0,17.31,0.41
72,-16722369#1,18.96,0.57
73,-16722369#10,26.38,0.57
74,-16722369#11,48.64,1.53
75,-16722369#12,49.46,1.29
76,-16722369#13,48.64,2.17
77,-16722369#2,21.43,0.84
78,-16722369#3,23.91,0.95
79,-16722369#4,24.73,0.95
80,-16722369#6,23.91,0.65
81,-16722369#7,25.56,0.9
82,-16722369#8,23.91,0.87
83,-16722369#9,23.91,0.57
84,-16722370,0.0,0.04
85,-16722378#1,9.07,0.33
86,-16722378#2,11.54,0.27
87,-16722378#3,12.37,0.32
88,-16722378#4,11.54,0.26
89,-16722378#6,13.19,0.34
90,-16722413#0,5.77,0.2
91,-16722413#1,0.0,0.03
92,-16722440#0,0.0,0
93,-16722440#1,0.82,0.02
94,-16722440#2,0.82,0.06
95,-16722456#0,8.24,0.41
96,-16722456#1,4.12,0.14
97,-16722515#0,4.95,0.47
98,-16722515#1,0.0,0.04
99,-16722643#0,1.65,0.04
100,-16722643#1,1.65,0.07
101,-16722643#2,2.47,0.06
102,-16722643#3,2.47,0.06
103,-16722697,0.0,0.11
104,-16722700#0,16.49,0.37
105,-16722700#1,16.49,0.52
106,-16722757#1,4.12,0.11
107,-16722757#2,93.98,2.67
108,-16722757#3,93.98,2.26
109,-16722757#4,89.86,3.05
110,-16722772#0,2.47,0.08
111,-16722772#1,1.65,0.04
112,-16722772#2,2.47,0.52
113,-16722772#3,0.0,0.05
114,-16722860#0,2.47,0.06
115,-16722860#1,3.3,0.1
116,-16722860#2,1.65,0.07
117,-16722864#1,33.8,1.09
118,-16722864#2,30.5,0.73
119,-16722864#3,29.68,0.72
120,-16722864#6,9.89,0.34
121,-16722864#7,4.95,0.13
122,-16722889#0,7.42,0.22
123,-16722889#1,0.0,0.08
124,-16722901#1,1.65,0.06
125,-16722930#1,31.33,1.06
126,-16722930#2,31.33,0.75
127,-16722930#3,32.97,0.79
128,-16722973,4.12,0.13
129,-16723052#1,15.66,0.66
130,-16723052#2,13.19,0.36
131,-16723170#0,5.77,0.33
132,-16723170#2,8.24,0.21
133,-16723170#3,8.24,0.23
134,-16723208,0.0,0.08
135,-16723210#0,0.0,0.03
136,-16723210#1,0.0,0.16
137,-16723213#0,4.95,0.21
138,-16723213#1,34.62,1.32
139,-16723213#2,23.91,0.52
140,-16723213#3,23.91,0.58
141,-16723213#4,23.91,0.67
142,-16723219#0,6.59,0.18
143,-16723219#1,4.12,0.16
144,-16723219#2,0.0,0.09
145,-16723221,0.82,0.04
146,-16723270,0.0,0.13
147,-16723365#0,6.59,0.2
148,-16723365#1,0.0,0.1
149,-16723412#0,3.3,0.12
150,-16723412#1,3.3,0.08
151,-16723417#1,2.47,0.08
152,-16723417#2,2.47,0.21
153,-16723417#3,4.95,0.23
154,-16723560,0.0,0
155,-16723629#1,4.12,0.16
156,-16723629#2,8.24,0.36
157,-16723629#3,4.95,0.19
158,-16723636#0,9.07,0.26
159,-16723636#1,0.0,0.1
160,-16724028#0,3.3,0.08
161,-16724028#1,0.0,0.05
162,-16724138#0,0.0,0.15
163,-16724138#1,1.65,0.05
164,-16724138#2,4.12,0.21
165,-16724138#3,4.12,0.17
166,-16724138#4,3.3,0.1
167,-16724138#5,1.65,0.09
168,-16724138#6,0.0,0.03
169,-16724145#0,4.12,0.09
170,-16724145#1,5.77,0.19
171,-16724145#2,8.24,0.28
172,-16724145#3,1.65,0.28
173,-16724146#0,3.3,0.19
174,-16724146#1,3.3,0.09
175,-16724146#2,1.65,0.09
176,-16724146#3,0.82,0.1
177,-16724159#0,0.82,0.02
178,-16724159#1,14.01,1.37
179,-16724159#2,14.01,0.7
180,-16724159#3,11.54,0.29
181,-16724165,1.65,0.04
182,-16724166#0,0.82,0.09
183,-16724166#1,0.82,0.02
184,-16724259,0.0,0.17
185,-16724289#0,3.3,0.15
186,-16724289#3,0.82,0.11
187,-16724398#1,6.59,0.14
188,-16724398#10,27.2,0.72
189,-16724398#2,0.0,0
190,-16724398#3,0.82,0.02
191,-16724398#4,0.82,0.02
192,-16724398#5,4.12,0.21
193,-16724398#6,4.95,0.21
194,-16724398#7,17.31,0.64
195,-16724398#8,23.08,0.93
196,-16724398#9,28.85,0.8
197,-16724403#0,20.61,0.34
198,-16724403#1,18.14,0.25
199,-16724403#2,17.31,0.35
200,-16724403#3,16.49,0.32
201,-16724403#4,9.07,0.18
202,-16724403#5,11.54,0.3
203,-16724405#0,2.47,0.05
204,-16724405#1,9.89,0.34
205,-16724405#2,18.96,0.47
206,-16724412#0,10.72,0.66
207,-16724412#1,10.72,0.31
208,-16724429#0,0.0,0
209,-16724429#1,2.47,0.23
210,-16724433#0,22.26,0.59
211,-16724433#1,17.31,0.56
212,-16724433#2,12.37,0.28
213,-16724433#3,9.89,0.3
214,-16724492#1,0.82,0.07
215,-16724850#0,19.78,0.54
216,-16724850#1,19.78,0.47
217,-16724850#2,17.31,0.64
218,-16724850#3,14.84,0.38
219,-16724850#4,11.54,0.47
220,-16724850#5,8.24,0.34
221,-16724850#6,0.0,0.16
222,-16724882#0,4.12,0.12
223,-16724882#1,1.65,0.09
224,-16724882#2,5.77,0.27
225,-16724882#4,2.47,0.08
226,-16724882#5,0.0,0.05
227,-16724923#0,1.65,0.08
228,-16724923#2,1.65,0.07
229,-16724923#3,0.82,0.02
230,-16725296#0,9.07,0.49
231,-16725296#1,6.59,0.3
232,-16725296#2,6.59,0.26
233,-16725296#3,4.95,0.15
234,-16725296#4,4.95,0.13
235,-16725296#5,4.12,0.26
236,-16725296#6,6.59,0.26
237,-16725296#7,6.59,0.18
238,-16725409#1,9.07,0.45
239,-16725409#2,4.95,0.13
240,-16725409#3,4.12,0.12
241,-16725413#0,9.89,0.24
242,-16725413#1,7.42,0.35
243,-16725413#2,0.0,0.08
244,-16725432#0,6.59,0.15
245,-16725432#1,11.54,0.44
246,-16725432#2,9.07,0.26
247,-16725555#0,0.0,0
248,-16725555#1,0.0,0
249,-16725555#2,0.0,0
250,-16725555#3,0.0,0
251,-16725685#0,8.24,0.82
252,-16725685#1,7.42,0.28
253,-16725685#10,2.47,0.08
254,-16725685#12,0.0,0.06
255,-16725685#2,7.42,0.56
256,-16725685#3,8.24,0.27
257,-16725685#4,9.89,0.43
258,-16725685#5,7.42,1.28
259,-16725685#6,5.77,0.38
260,-16725685#7,5.77,0.22
261,-16725685#9,5.77,0.18
262,-16725686#0,4.12,0.1
263,-16725686#1,3.3,0.18
264,-16725686#2,4.12,0.22
265,-16725686#3,4.12,0.11
266,-16725686#4,3.3,0.13
267,-16725686#5,5.77,0.21
268,-16725686#6,38.75,1.46
269,-16725686#7,3.3,0.15
270,-16725686#8,1.65,0.11
271,-16725743#0,7.42,0.42
272,-16725743#1,7.42,0.18
273,-16725789#0,18.96,0.5
274,-16725789#1,20.61,0.5
275,-16725789#2,23.91,0.81
276,-16725789#3,23.08,0.53
277,-16725789#4,22.26,0.98
278,-16725824#0,7.42,0.21
279,-16725824#1,0.0,0.02
280,-16726029#0,0.0,0.02
281,-16726037,0.82,0.02
282,-16726039#1,0.82,0.11
283,-16726039#2,0.0,0.03
284,-16726056,0.82,0.03
285,-16726058,18.96,0.73
286,-16726164#0,4.95,0.23
287,-16726164#1,6.59,0.22
288,-16726164#10,4.95,0.17
289,-16726164#11,2.47,0.16
290,-16726164#12,1.65,0.23
291,-16726164#2,9.07,0.31
292,-16726164#3,9.07,0.56
293,-16726164#4,10.72,0.31
294,-16726164#5,12.37,0.38
295,-16726164#6,9.89,0.21
296,-16726164#7,11.54,0.32
297,-16726164#9,11.54,0.44
298,-16726339#0,0.0,0.06
299,-16726339#1,3.3,0.09
300,-16726341#0,0.82,0.06
301,-16726341#1,0.0,0.04
302,-16726341#2,2.47,0.22
303,-16726341#3,4.95,0.2
304,-16726354#0,2.47,0.09
305,-16726354#1,2.47,0.12
306,-16726354#2,1.65,0.11
307,-16726354#3,0.0,0.04
308,-16726515#0,4.12,0.24
309,-16726515#1,1.65,0.06
310,-16726669#0,0.82,0.05
311,-16726669#1,0.0,0
312,-16726716#0,9.07,0.35
313,-16726716#1,4.12,0.15
314,-16726729,0.0,0.06
315,-16726731#0,7.42,0.35
316,-16726731#1,4.95,0.2
317,-16726731#2,0.82,0.1
318,-16726731#3,1.65,0.06
319,-16726800#1,7.42,0.92
320,-16726800#2,4.12,0.24
321,-16726800#3,4.12,0.12
322,-16726800#4,8.24,0.33
323,-16726800#5,5.77,0.15
324,-16726822#0,2.47,0.08
325,-16726822#1,0.0,0.06
326,-16726822#2,4.12,0.13
327,-16726822#3,4.12,0.11
328,-16726822#4,2.47,0.24
329,-16726822#5,2.47,0.07
330,-16726822#6,2.47,0.07
331,-16726822#7,0.0,0
332,-16726825#0,2.47,0.1
333,-16726825#1,4.95,0.15
334,-16726825#2,1.65,0.06
335,-16726825#3,4.12,0.22
336,-16727006,7.42,0.16
337,-16727064,1.65,0.07
338,-16727085#10,7.42,12.52
339,-16727085#11,9.07,0.35
340,-16727085#12,12.37,0.4
341,-16727085#2,3.3,0.09
342,-16727085#3,0.82,0.06
343,-16727085#4,0.82,0.03
344,-16727085#5,1.65,0.08
345,-16727085#6,4.12,0.17
346,-16727085#7,0.82,0.14
347,-16727085#8,0.82,0.08
348,-16727085#9,7.42,0.24
349,-16727114#0,5.77,0.37
350,-16727114#1,4.95,0.14
351,-16727114#2,1.65,0.06
352,-16727204#1,0.0,0.07
353,-16727209#0,5.77,0.26
354,-16727209#1,1.65,0.1
355,-16727255#1,3.3,0.09
356,-16727255#2,0.82,0.04
357,-16727273#0,1.65,0.05
358,-16727273#1,0.0,0.03
359,-16727273#2,2.47,0.12
360,-16727358#0,25.56,1.5
361,-16727358#1,10.72,0.44
362,-16727358#2,8.24,1.52
363,-16727358#3,8.24,0.3
364,-16727358#4,8.24,0.91
365,-16727358#5,7.42,0.16
366,-16727394#0,0.82,0.09
367,-16727394#1,5.77,0.21
368,-16727394#2,14.84,0.42
369,-16727394#3,14.84,0.55
370,-16727394#4,28.03,0.93
371,-16727400#0,0.82,0.02
372,-16727400#1,2.47,0.06
373,-16727400#2,7.42,0.22
374,-16727462#0,0.82,0.08
375,-16727462#1,0.0,0.14
376,-16727485#0,7.42,0.23
377,-16727485#1,6.59,0.2
378,-16727500,5.77,0.26
379,-16727655#1,2.47,0.08
380,-16727655#2,2.47,0.05
381,-16727655#3,2.47,0.06
382,-16727655#4,37.1,1.24
383,-16727700#0,6.59,0.14
384,-16727700#1,1.65,0.03
385,-16727700#2,4.95,0.15
386,-16727700#3,6.59,0.16
387,-16727721,1.65,0.04
388,-16727879,0.0,0.13
389,-16727910#0,2.47,0.12
390,-16727910#1,2.47,0.07
391,-16727910#2,12.37,0.47
392,-16727910#4,9.89,0.27
393,-16727910#5,9.07,0.51
394,-16727910#6,0.0,0.12
395,-16727930#0,8.24,0.5
396,-16727930#1,6.59,0.17
397,-16727930#2,4.12,0.19
398,-16727930#3,0.82,0.05
399,-16728002#1,2.47,0.07
400,-16728002#2,1.65,0.13
401,-16728002#3,4.12,0.21
402,-16728002#4,2.47,0.1
403,-16728002#5,4.12,0.22
404,-16728003,35.45,0.79
405,-16728072#0,18.14,1.02
406,-16728072#1,18.14,0.59
407,-16728072#2,11.54,0.71
408,-16728219,0.0,0
409,-16728291#0,3.3,0.19
410,-16728291#1,0.82,0.04
411,-16728291#2,0.0,0
412,-16728361#0,0.0,0
413,-16728361#1,0.0,0
414,-16728415#0,0.82,0.02
415,-16728415#1,0.0,0.05
416,-16728487,0.82,0.02
417,-16728488#0,4.12,0.14
418,-16728488#1,3.3,0.11
419,-16728507#0,4.95,0.11
420,-16728507#1,2.47,0.09
421,-16728507#2,6.59,0.16
422,-16728507#3,9.89,0.3
423,-16728507#4,1.65,0.05
424,-16728507#5,0.0,0
425,-16728512,0.0,0.21
426,-16728602#0,6.59,0.3
427,-16728602#1,26.38,1.05
428,-16728602#2,30.5,0.75
429,-16728602#3,32.97,5.21
430,-16728602#4,33.8,1.16
431,-16728602#5,32.97,0.81
432,-16728602#6,32.97,0.78
433,-16728602#7,42.04,1.16
434,-16728608,0.0,0.13
435,-16728645#0,8.24,0.31
436,-16728645#1,7.42,0.22
437,-16728645#2,6.59,0.26
438,-16728645#3,10.72,0.37
439,-16728645#4,6.59,0.26
440,-16728645#5,7.42,0.2
441,-16728645#6,5.77,0.18
442,-16728645#7,0.0,0.05
443,-16728656,2.47,0.06
444,-16728658,0.0,0.17
445,-16728790#1,6.59,0.3
446,-16728790#2,1.65,0.09
447,-16728814#0,4.12,0.11
448,-16728814#1,4.12,0.16
449,-16728814#2,0.0,0.02
450,-16728892#0,17.31,0.56
451,-16729035#0,2.47,0.07
452,-16729035#1,1.65,0.04
453,-16729095#0,1.65,0.04
454,-16729095#1,0.0,0
455,-16729162#0,5.77,0.17
456,-16729162#1,15.66,0.67
457,-16729162#2,0.0,0.03
458,-16729162#3,8.24,0.26
459,-16729162#4,6.59,0.23
460,-16729162#5,4.12,0.19
461,-16729162#6,0.0,0.07
462,-16729237#0,0.0,0
463,-16729237#1,0.0,0.13
464,-16729306#0,0.0,0
465,-16729306#1,0.0,0
466,-16729324#0,8.24,0.93
467,-16729324#1,7.42,0.3
468,-16729324#2,5.77,0.41
469,-16729324#3,5.77,0.19
470,-16729340,2.47,0.1
471,-16729384#1,0.82,0.03
472,-16729384#2,4.12,0.21
473,-16729389#0,0.0,0
474,-16729389#1,0.0,0
475,-16729398#0,1.65,0.09
476,-16729398#1,3.3,0.18
477,-16729399#0,14.01,0.54
478,-16729399#1,14.01,0.47
479,-16729399#2,11.54,0.28
480,-16729399#3,6.59,0.22
481,-16729399#4,0.0,0.03
482,-16729442#1,4.95,0.16
483,-16729442#2,8.24,0.57
484,-16729442#3,8.24,0.24
485,-16729442#4,5.77,0.17
486,-16729442#5,4.95,0.17
487,-16729624#1,44.52,0.94
488,-16729624#10,107.17,1.89
489,-16729624#11,110.46,1.85
490,-16729624#12,106.34,1.66
491,-16729624#13,104.69,1.57
492,-16729624#14,105.52,1.78
493,-16729624#15,106.34,1.7
494,-16729624#16,96.45,2.34
495,-16729624#17,13.19,0.35
496,-16729624#2,63.48,1.69
497,-16729624#3,65.95,1.1
498,-16729624#4,70.07,1.13
499,-16729624#5,74.19,4.66
500,-16729624#6,76.67,1.3
501,-16729624#7,76.67,1.59
502,-16729624#8,96.45,3.6
503,-16729624#9,93.98,1.37
504,-16729641#0,0.0,0.06
505,-16729641#1,1.65,3.94
506,-16729665#0,5.77,0.14
507,-16729665#1,1.65,0.1
508,-16729754,9.89,0.35
509,-16729764#0,12.37,0.35
510,-16729764#1,12.37,0.61
511,-16729764#2,13.19,0.34
512,-16729764#3,14.01,0.39
513,-16729766#0,1.65,0.03
514,-16729766#1,0.0,0.02
515,-16729791#0,9.89,0.31
516,-16729791#1,9.89,0.22
517,-16729794#1,21.43,2.65
518,-16729794#2,21.43,1.73
519,-16729794#3,18.14,2.05
520,-16729794#4,10.72,0.59
521,-16729794#5,15.66,1.65
522,-16729803,0.82,0.02
523,-16729852,3.3,0.1
524,-170301672#0,7.42,0.23
525,-170301672#1,0.0,0
526,-170301674#0,28.85,0.57
527,-170301674#1,37.92,0.74
528,-170301674#2,45.34,0.91
529,-170301674#3,46.16,1.06
530,-170301685#0,5.77,0.15
531,-170301685#1,10.72,0.46
532,-171004421#0,103.05,3.85
533,-171004421#1,109.64,2.34
534,-171004421#2,108.82,2.74
535,-171004421#3,97.28,1.97
536,-171004421#5,110.46,3.02
537,-171004421#7,112.94,2.99
538,-171004421#8,115.41,3.29
539,-171004796#0,46.99,1.73
540,-171004796#1,45.34,0.93
541,-171004796#2,43.69,0.9
542,-171004796#5,42.87,0.88
543,-171004796#6,41.22,0.87
544,-171004796#9,42.04,28.53
545,-171294543#0,0.82,0.03
546,-171294543#1,3.3,0.08
547,-171294543#2,0.0,0.07
548,-171294549#0,1.65,0.05
549,-171294549#1,2.47,0.07
550,-171294549#2,5.77,0.15
551,-171294549#3,2.47,0.17
552,-171294549#4,0.82,0.14
553,-171294553#0,0.82,0.18
554,-171294553#1,3.3,0.18
555,-171294553#2,3.3,0.17
556,-171294553#3,4.95,0.22
557,-171294553#4,5.77,0.32
558,-171294553#5,5.77,0.26
559,-171294553#6,9.89,0.36
560,-171294557,2.47,0.06
561,-171294567,0.0,0
562,-171294569,0.0,0
563,-171488544#0,18.96,0.96
564,-171488544#1,20.61,1.62
565,-171488544#2,21.43,3.71
566,-171488544#3,28.03,15.62
567,-171488545#0,13.19,0.55
568,-171488545#1,9.07,0.25
569,-171488545#2,10.72,0.29
570,-171488545#3,15.66,0.67
571,-171488547#0,19.78,0.57
572,-171488547#10,51.11,1.39
573,-171488547#11,164.05,6.61
574,-171488547#13,165.7,3.64
575,-171488547#14,165.7,5.69
576,-171488547#2,24.73,1.03
577,-171488547#5,26.38,0.68
578,-171488547#6,32.15,1.22
579,-171488547#7,35.45,0.88
580,-171488547#8,37.1,0.83
581,-171488547#9,42.04,0.98
582,-171488548#0,2.47,0.07
583,-171488548#1,1.65,0.07
584,-171488549#0,0.82,0.14
585,-171488555,0.0,0
586,-171702737#0,6.59,0.19
587,-171702737#1,8.24,0.32
588,-171702737#2,9.07,0.45
589,-171702737#3,8.24,0.29
590,-171702737#4,4.12,4.26
591,-171702737#5,2.47,0.1
592,-171702737#6,3.3,0.18
593,-171702739#0,3.3,0.28
594,-171702739#1,0.0,0.08
595,-171702739#2,4.12,1.91
596,-171702739#3,0.82,0.08
597,-171702740#0,5.77,0.2
598,-171702740#1,1.65,0.07
599,-171702740#2,0.0,0
600,-171702741#0,1.65,0.04
601,-171702741#1,3.3,0.21
602,-171702741#2,0.0,0
603,-171702741#3,3.3,0.13
604,-171702741#4,0.82,0.02
605,-171702752#0,0.0,0
606,-171702758#0,0.0,0
607,-171702759,0.82,0.05
608,-201532648,0.0,0
609,-201532649,0.0,0
610,-201532651#0,0.0,0
611,-201532651#1,0.0,0
612,-201538332#0,0.0,0
613,-201538332#1,0.0,0
614,-201538332#2,0.0,0
615,-201538333,0.0,0
616,-201538334,0.0,0
617,-201552842,0.0,0
618,-201552844,0.0,0
619,-201552845,0.0,0
620,-201552846,0.0,0
621,-201552849,0.0,0
622,-201552850,0.0,0
623,-201552852,0.0,0
624,-201552853#0,0.0,0
625,-201552853#1,0.0,0
626,-201552856#0,0.0,0
627,-201552856#1,0.0,0
628,-201552858,0.0,0
629,-201552859,0.0,0
630,-201552861#0,0.0,0
631,-201552861#1,0.0,0
632,-201552862#0,0.0,0
633,-201552862#1,0.0,0
634,-201552864#0,0.0,0
635,-201552865#0,0.0,0
636,-201552865#1,0.0,0
637,-201594213,0.0,0
638,-201594214,0.0,0
639,-201594215,0.0,0
640,-201594216,0.0,0
641,-201594217,0.0,0
642,-201594219,0.0,0
643,-201594220,0.0,0
644,-252994602#0,4.12,0.1
645,-252994602#1,4.95,0.14
646,-252994602#2,6.59,0.26
647,-252994605#0,0.0,0
648,-252994605#1,0.0,0
649,-252994605#3,0.0,0
650,-252994606#0,12.37,0.31
651,-252994606#1,13.19,0.63
652,-252994606#3,11.54,6.05
653,-252994606#4,14.01,0.24
654,-252994606#5,16.49,0.33
655,-252994610#0,7.42,0.58
656,-252994613,0.0,0
657,-252994615#0,0.0,0
658,-252994615#1,0.0,0
659,-252994616,0.0,0
660,-252994617#0,0.0,0
661,-252994617#1,0.0,0
662,-252994617#2,0.0,0
663,-252994617#3,0.0,0
664,-252994618#0,0.0,0
665,-252994618#1,0.0,0
666,-252994619#0,0.0,0
667,-252994619#1,0.0,0
668,-252995526#1,0.0,0.15
669,-252995527#0,21.43,0.79
670,-252995527#1,18.14,2.46
671,-252995531#0,3.3,0.15
672,-252995531#1,0.0,0.05
673,-252995533#0,4.12,0.89
674,-252995533#1,4.12,0.16
675,-252995533#2,4.95,0.11
676,-252995533#3,5.77,0.18
677,-252995537#0,0.0,0
678,-252995542,0.0,0
679,-252995552,0.0,0
680,-252995558,0.0,0
681,-252997113#1,0.0,0.09
682,-252997119#0,0.0,0
683,-252997119#1,0.0,0
684,-252997119#2,0.0,0
685,-252997245#0,23.91,1.0
686,-252997245#1,20.61,0.64
687,-252997247#1,8.24,0.47
688,-252997247#10,9.07,0.24
689,-252997247#11,10.72,0.77
690,-252997247#12,13.19,0.49
691,-252997247#13,13.19,0.4
692,-252997247#14,13.19,0.36
693,-252997247#15,15.66,0.44
694,-252997247#16,15.66,0.56
695,-252997247#17,16.49,0.63
696,-252997247#18,18.14,0.57
697,-252997247#19,19.78,0.79
698,-252997247#2,6.59,0.39
699,-252997247#20,20.61,1.38
700,-252997247#3,6.59,0.28
701,-252997247#4,8.24,0.33
702,-252997247#5,7.42,0.25
703,-252997247#6,6.59,0.22
704,-252997247#7,6.59,0.23
705,-252997247#8,5.77,0.3
706,-252997247#9,7.42,0.28
707,-252997248#0,20.61,0.81
708,-252997248#1,0.0,0.06
709,-253128519,0.0,0
710,-253128522,0.0,0
711,-253128524,0.0,0
712,-253128527#0,0.0,0
713,-253128527#2,0.0,0
714,-253128528#0,0.0,0
715,-253128528#1,0.0,0
716,-253128529#0,0.0,0
717,-253128529#1,0.0,0
718,-253128530,0.0,0
719,-253128531,0.0,0
720,-253128534,0.0,0
721,-253128536#0,0.0,0
722,-253128536#1,0.0,0
723,-253128545,0.0,0
724,-253128546,0.0,0
725,-253129279#0,0.0,0
726,-253129279#1,0.0,0
727,-253129279#2,0.0,0
728,-253129279#3,0.0,0
729,-253129279#4,0.0,0
730,-253129279#5,0.0,0
731,-253129281,0.0,0
732,-253129282,0.0,0
733,-253129283,0.0,0
734,-253129285#1,0.0,0
735,-253129286#1,0.0,0
736,-253129288#0,0.0,0
737,-253129288#2,0.0,0
738,-253129289#1,0.0,0
739,-253129296#0,0.0,0
740,-253129296#1,0.0,0
741,-253129300#0,0.0,0
742,-253129300#1,0.0,0
743,-253130291#1,148.39,46.12
744,-253130291#2,143.44,16.22
745,-253130291#6,141.79,3.82
746,-253130294,158.28,3.36
747,-253132254#0,0.0,0
748,-253132254#1,0.0,0
749,-253260533,0.0,0
750,-253268317#0,0.0,0
751,-253268317#1,0.0,0
752,-253268317#2,0.0,0
753,-253268317#3,0.0,0
754,-253268317#4,0.0,0
755,-253268317#5,0.0,0
756,-253268317#6,0.0,0
757,-253268318#0,0.0,0
758,-253268318#1,0.0,0
759,-253268318#2,0.0,0
760,-253268318#3,0.0,0
761,-253268318#4,0.0,0
762,-253268319,0.0,0
763,-253268320,0.0,0
764,-253268321#0,0.0,0
765,-253268321#1,0.0,0
766,-253268321#2,0.0,0
767,-253268321#3,0.0,0
768,-253268322#0,0.0,0
769,-253268322#1,0.0,0
770,-253268322#2,0.0,0
771,-253268322#3,0.0,0
772,-253268323,0.0,0
773,-253268325#0,0.0,0
774,-253268325#1,0.0,0
775,-253268325#2,0.0,0
776,-253268325#3,0.0,0
777,-253268325#4,0.0,0
778,-253268326,0.0,0
779,-253268327,0.0,0
780,-253268328,0.0,0
781,-253268329,0.0,0
782,-253268330#0,0.0,0
783,-253268330#1,0.0,0
784,-253268330#3,0.0,0
785,-253272375#0,10.72,0.33
786,-253272375#1,9.89,0.22
787,-253272379,0.0,0
788,-253273630,0.0,0
789,-253275178#1,1.65,0.13
790,-253275179#0,0.0,0
791,-253275179#1,0.0,0
792,-253275181,0.0,0
793,-255973733#0,101.4,3.93
794,-255973733#1,101.4,2.39
795,-255973733#2,108.82,2.3
796,-255973733#3,105.52,2.16
797,-255973733#4,106.34,2.34
798,-255973733#5,39.57,1.71
799,-255973733#6,46.16,1.08
800,-255973733#7,45.34,1.08
801,-255973733#8,48.64,1.46
802,-255973733#9,51.11,1.24
803,-255973752#0,36.27,0.64
804,-255973752#1,32.97,0.68
805,-255973752#2,29.68,0.67
806,-255973752#4,0.0,0.14
807,-265149485#0,2.47,0.06
808,-265149485#1,1.65,0.12
809,-265149485#2,0.0,0.14
810,-265353020#0,13.19,0.66
811,-265353020#1,13.19,0.78
812,-267466899#0,3.3,0.48
813,-267466899#1,0.0,0
814,-267466899#2,0.82,0.04
815,-267466899#3,0.82,0.03
816,-282168226,10.72,0.87
817,-294774642#0,4.12,0.07
818,-294774642#1,4.95,0.1
819,-294774832,0.0,0
820,-314153597#1,64.3,3.05
821,-314153599#1,122.01,4.0
822,-314153599#2,105.52,2.24
823,-314153602#1,134.37,3.17
824,-314153602#2,130.25,3.39
825,-314153602#3,132.72,145.44
826,-314153605#0,59.35,1.57
827,-314153605#1,61.0,1.31
828,-314153605#2,46.16,0.73
829,-314153605#3,45.34,0.86
830,-321760061#0,80.79,1.61
831,-321760074#0,0.0,0
832,-321760074#1,0.0,0
833,-325021549,1.65,0.09
834,-339859630,0.0,0.18
835,-339859632#0,7.42,0.88
836,-339859633#0,5.77,0.22
837,-339859633#1,6.59,0.62
838,-339859633#2,5.77,0.42
839,-361221973#1,78.31,2.29
840,-361221973#2,56.88,1.17
841,-361221973#3,49.46,0.94
842,-361221973#4,45.34,1.1
843,-361221974#0,37.1,1.29
844,-361221974#1,38.75,1.39
845,-361221974#2,35.45,1.21
846,-361221974#3,32.97,1.26
847,-361221974#4,37.1,1.08
848,-361221974#5,42.04,1.56
849,-361221974#6,7.42,1.53
850,-361221974#7,5.77,0.2
851,-361221974#8,6.59,0.19
852,-361221974#9,9.07,0.26
853,-361221975#0,79.14,2.52
854,-361221975#1,80.79,1.84
855,-361221975#2,86.56,2.09
856,-361221975#4,89.03,42.9
857,-361221975#5,93.15,1.89
858,-361221976#0,15.66,0.98
859,-361221976#1,14.01,0.39
860,-361221976#2,14.01,1.39
861,-361221976#3,0.0,0.02
862,-361221976#6,10.72,0.34
863,-361222003#0,4.12,0.07
864,-361222003#1,23.08,0.71
865,-361222003#10,49.46,1.34
866,-361222003#2,26.38,0.63
867,-361222003#3,34.62,0.84
868,-361222003#4,36.27,0.8
869,-361222003#5,37.1,1.25
870,-361222003#6,46.99,1.15
871,-361222003#7,49.46,1.64
872,-361222003#8,48.64,0.99
873,-361222003#9,48.64,0.94
874,-364548803#1,0.0,0
875,-364560414#0,0.0,0
876,-364560414#1,0.0,0
877,-364560415#0,0.0,0
878,-364560415#1,0.0,0
879,-364560415#2,0.0,0
880,-364560415#3,0.0,0
881,-364561794,0.0,0
882,-364561795,0.0,0
883,-364561797#0,0.0,0
884,-364561797#1,0.0,0
885,-379617533,0.0,0
886,-389318890#1,21.43,0.75
887,-389318890#4,12.37,0.42
888,-389592520#0,23.08,2.23
889,-389592520#1,23.08,0.86
890,-389592520#2,16.49,0.52
891,-389601325#0,0.0,0
892,-389601325#1,0.0,0
893,-389609334#0,0.0,0
894,-389609334#1,0.0,0
895,-389609335#0,0.0,0
896,-389609335#1,0.0,0
897,-389609335#2,0.0,0
898,-389609335#3,0.0,0
899,-389609336#0,0.0,0
900,-389609336#1,0.0,0
901,-389609337#0,0.0,0
902,-389609337#1,0.0,0
903,-389609337#2,0.0,0
904,-389609338,0.0,0
905,-389609339,0.0,0
906,-389609343#0,0.0,0
907,-389609343#1,0.0,0
908,-389609343#2,0.0,0
909,-389609344,0.0,0
910,-389609346#1,0.0,0
911,-389609346#2,0.0,0
912,-389609346#3,0.0,0
913,-389609346#4,0.0,0
914,-389609347#0,0.0,0
915,-389609347#1,0.0,0
916,-389609348,0.0,0
917,-389621489#1,7.42,0.33
918,-389621489#2,4.95,0.27
919,-389621489#3,1.65,0.2
920,-389621489#4,3.3,0.2
921,-389628462,0.0,0
922,-389707144,0.0,0
923,-389708960,0.0,0
924,-437690574#0,3.3,0.05
925,-437690574#1,28.03,0.65
926,-437690574#2,29.68,0.56
927,-474072165#0,84.91,1.28
928,-474072165#1,112.11,1.97
929,-474072165#2,140.97,2.95
930,-514049372#0,4.12,0.1
931,-514049373,1.65,0.05
932,-514049375#0,24.73,1.07
933,-514049375#2,19.78,0.52
934,-51724094#1,34.62,1.08
935,-51724094#2,22.26,0.34
936,-51724094#3,22.26,0.68
937,-51724097#1,14.84,1.34
938,-51724098#0,25.56,2.73
939,-51724098#2,17.31,0.39
940,-51724099,25.56,1.42
941,-51724102#0,9.07,0.13
942,-51724102#1,25.56,0.61
943,-51724102#2,31.33,0.53
944,-51724102#3,40.39,1.18
945,-548159331#0,0.0,0
946,-548159331#1,0.0,0
947,-548159331#2,0.0,0
948,-548159332,0.0,0
949,-575306227#0,7.42,0.54
950,-575306227#1,0.0,0.16
951,-575311348,0.0,0
952,-575311350#1,0.0,0
953,-575311350#2,0.0,0
954,-575311352,0.0,0
955,-575317195#0,0.0,0
956,-575317195#1,0.0,0
957,-575317195#2,0.0,0
958,-575317196#0,0.0,0
959,-575317196#1,0.0,0
960,-575317196#2,0.0,0
961,-575317196#3,0.0,0
962,-575317196#4,0.0,0
963,-575317198,0.0,0
964,-575320067,0.0,0
965,-575371317,0.0,0
966,-575371319#0,0.0,0
967,-575371319#1,0.0,0
968,-575371321,0.0,0
969,-575371322,0.0,0
970,-575371324,0.0,0
971,-575371325,0.0,0
972,-575371327,0.0,0
973,-575371328,0.0,0
974,-575371329,0.0,0
975,-575371330#0,0.0,0
976,-575371330#1,0.0,0
977,-575371331,0.0,0
978,-575371332,0.0,0
979,-575371333,0.0,0
980,-575371334#0,0.0,0
981,-575371334#1,0.0,0
982,-575371335#0,0.0,0
983,-575371335#1,0.0,0
984,-575371335#2,0.0,0
985,-575371336,0.0,0
986,-575371337,0.0,0
987,-575371338#0,0.0,0
988,-575371338#1,0.0,0
989,-575371339,0.0,0
990,-575371340,0.0,0
991,-575372502#0,0.0,0
992,-575372502#1,0.0,0
993,-575372504,0.0,0
994,-575372506,0.0,0
995,-575372508,0.0,0
996,-575372510#0,0.0,0
997,-575372510#1,0.0,0
998,-575372510#2,0.0,0
999,-575372510#3,0.0,0
1000,-575372512#0,9.89,0.48
1001,-575372512#1,1.65,0.11
1002,-575372512#2,1.65,0.08
1003,-575372512#3,0.82,0.18
1004,-575372512#4,2.47,0.15
1005,-575374589#0,0.0,0
1006,-575374589#1,0.0,0
1007,-575389002,0.0,0
1008,-575389178#1,23.08,3.09
1009,-575389179,211.86,4.08
1010,-575389180#1,232.47,101.75
1011,-575389180#2,225.88,87.89
1012,-575389180#3,227.52,28.37
1013,-575390995#0,133.55,3.02
1014,-575390995#1,130.25,5.71
1015,-611610487#0,0.0,0
1016,-611610487#1,0.0,0
1017,-611621553#0,0.0,0
1018,-611621553#1,0.0,0
1019,-611621554#1,0.0,0
1020,-611621555#0,0.0,0
1021,-611621555#1,0.0,0
1022,-611621556#0,0.0,0
1023,-611621556#1,0.0,0
1024,-611621556#2,0.0,0
1025,-611621558,0.0,0
1026,-631627328,0.0,0
1027,-631627329,0.0,0
1028,-631627330,0.0,0
1029,-631628541,0.0,0
1030,-631628542,0.0,0
1031,-631629078#0,0.0,0
1032,-631629078#1,0.0,0
1033,-631629079,0.0,0
1034,-631634872,0.0,0.06
1035,-637038338#0,3.3,0.19
1036,-637038338#1,4.12,0.1
1037,-637038338#2,3.3,0.21
1038,-637038338#3,2.47,0.14
1039,-637038338#4,4.95,0.23
1040,-637038338#5,4.12,0.11
1041,-637038338#6,0.0,0.06
1042,-682782073,0.0,0
1043,-682782074#0,0.0,0
1044,-682782074#1,0.0,0
1045,-682782074#2,0.0,0
1046,-682782074#3,0.0,0
1047,-688535331#0,9.07,0.29
1048,-688535331#1,9.07,0.23
1049,-712076414#0,3.3,0.09
1050,-712076414#1,5.77,0.36
1051,-712076414#2,8.24,0.33
1052,-712076414#3,9.89,0.36
1053,-712076414#4,18.96,0.66
1054,-724609205,0.0,0
1055,-724609206,0.0,0
1056,-748906478#0,155.8,292.5
1057,-748906478#1,157.45,40.51
1058,-752304638#0,0.0,0
1059,-752304638#1,0.0,0
1060,-752304639#1,0.0,0
1061,-754522151#0,0.0,0
1062,-754522151#1,0.0,0
1063,-754522151#2,0.0,0
1064,-754522151#3,0.0,0
1065,-754522152#0,0.0,0
1066,-754522152#1,0.0,0
1067,-754522152#2,0.0,0
1068,-754522153#0,0.0,0
1069,-754522153#1,0.0,0
1070,-755795648,0.0,0
1071,-755795649,0.0,0
1072,-755795650,0.0,0
1073,-755795651,0.0,0
1074,-755804631,0.0,0
1075,-755804632,0.0,0
1076,-755804633#0,0.0,0
1077,-755804633#1,0.0,0
1078,-755804633#2,0.0,0
1079,-755804634#1,0.0,0
1080,-755804635,0.0,0
1081,-756596351#0,2.47,0.1
1082,-756596351#1,12.37,0.49
1083,-756596351#2,9.89,0.43
1084,-756596351#3,14.84,0.53
1085,-756596351#4,16.49,0.56
1086,-756596351#5,22.26,0.7
1087,-761149834#0,0.0,0
1088,-761149834#1,0.0,0
1089,-761149835,0.0,0
1090,-761186294#0,0.0,0
1091,-761186294#1,0.0,0
1092,-761186294#2,0.0,0
1093,-761186295#0,0.0,0
1094,-761186295#1,0.0,0
1095,-761186296#0,0.0,0
1096,-761186296#1,0.0,0
1097,-761186297,0.0,0
1098,-765572299#0,0.0,0
1099,-765572299#1,0.0,0
1100,-765572299#2,0.0,0
1101,-765572299#3,0.0,0
1102,-765572300#0,0.0,0
1103,-766263907#1,0.0,0
1104,-766263907#2,0.0,0
1105,-766263908#0,0.0,0
1106,-766263908#1,0.0,0
1107,-766811706#0,0.0,0
1108,-766811706#1,0.0,0
1109,-766811706#2,0.0,0
1110,-771278911,0.0,0
1111,-781773301#1,0.0,0
1112,-800316007,0.0,0
1113,-811850140,0.0,0
1114,-826123710#0,0.0,0
1115,-826123710#1,0.0,0
1116,-826123710#2,0.0,0
1117,-826123711#0,0.0,0
1118,-826123711#1,0.0,0
1119,-826123712#0,0.0,0
1120,-826123712#1,0.0,0
1121,-826123713,0.0,0
1122,-827503949#0,0.0,0
1123,-827503950#1,0.0,0
1124,-827503951#0,0.0,0
1125,-827503951#1,0.0,0
1126,-827503951#2,0.0,0
1127,-827503951#3,0.0,0
1128,-827503956#0,0.0,0
1129,-827503956#1,0.0,0
1130,-827503968,0.0,0
1131,-827503982,0.0,0
1132,-827503989,0.0,0
1133,-827879058,0.82,0.02
1134,-828242548,0.0,0
1135,-828242558#0,0.0,0
1136,-828242558#1,0.0,0
1137,-828242558#2,0.0,0
1138,-828242559,0.0,0
1139,-828242562#0,0.0,0
1140,-828242562#1,0.0,0
1141,-828242562#2,0.0,0
1142,-828242562#3,0.0,0
1143,-828242562#4,0.0,0
1144,-828242563#0,0.0,0
1145,-828242563#1,0.0,0
1146,-828242565,0.0,0
1147,-828242567#0,0.0,0
1148,-828242567#1,0.0,0
1149,-828242573,0.0,0
1150,-828242580,0.0,0
1151,-838432450,0.0,0
1152,-839212255#0,0.0,0
1153,-839212255#1,0.0,0
1154,-839212256,0.0,0
1155,-846104440,0.0,0
1156,-846104442#0,0.0,0
1157,-846104442#1,0.0,0
1158,-846104443,0.0,0
1159,-846104444#0,0.0,0
1160,-846104444#1,0.0,0
1161,-846104444#3,0.0,0
1162,-846104448,0.0,0
1163,-847499405,0.0,0
1164,-882225598#1,0.0,0
1165,-895459370#0,0.0,0
1166,-895459370#1,0.0,0
1167,-895459371,0.0,0
1168,-896413403#0,0.0,0
1169,-896413403#1,0.0,0
1170,-896413403#2,0.0,0
1171,-896413404,0.0,0
1172,-896413405,0.0,0
1173,-896413406,0.0,0
1174,-896463495#1,0.0,0
1175,-896585371#0,0.0,0
1176,-896585371#1,0.0,0
1177,-896585371#2,0.0,0
1178,-896585374,0.0,0
1179,-896978417#0,0.0,0
1180,-896978417#1,0.0,0
1181,-896978417#2,0.0,0
1182,-896978418,0.0,0
1183,-896978419#1,0.0,0
1184,-903775177,0.0,0
1185,-903775178,0.0,0
1186,-903775179,0.0,0
1187,-903775180#0,0.0,0
1188,-903775180#1,0.0,0
1189,-903775180#2,0.0,0
1190,-903775181,0.0,0
1191,-903775182#0,0.0,0
1192,-903775182#1,0.0,0
1193,-903775183,0.0,0
1194,-903775184#0,0.0,0
1195,-903775184#1,0.0,0
1196,-903775185,0.0,0
1197,-903779412,0.0,0
1198,-903779413,0.0,0
1199,-903779414#0,0.0,0
1200,-903779414#1,0.0,0
1201,-903779414#2,0.0,0
1202,-903826148,0.0,0
1203,-903858689,0.0,0
1204,-903858690,1.65,0.05
1205,-903858691#0,0.0,0
1206,-903858691#1,0.0,0
1207,-903858691#2,0.0,0
1208,-903858691#3,0.0,0
1209,-903858691#4,0.0,0
1210,-903858692#0,0.0,0
1211,-903858692#1,0.0,0
1212,-903858692#2,0.0,0
1213,-903858693,0.0,0
1214,-903858694,0.0,0
1215,-903858695,0.0,0
1216,-903858696,0.0,0
1217,-903858697#0,0.0,0
1218,-903858697#1,0.0,0
1219,-903858697#2,0.0,0
1220,-903858698#0,0.0,0
1221,-903858698#1,0.0,0
1222,-903858698#2,0.0,0
1223,-903858701,0.0,0
1224,-903858707#0,0.0,0
1225,-903858707#1,0.0,0
1226,-903858708,0.0,0
1227,-903858709,0.0,0
1228,-903858710,0.0,0
1229,-903858711,0.0,0
1230,-903858712,0.0,0
1231,-903858714#0,0.0,0
1232,-903858714#1,0.0,0
1233,-903950804,0.0,0
1234,-903950805,0.0,0
1235,-903991250#0,0.0,0
1236,-903991250#1,0.0,0
1237,-903991250#2,0.0,0
1238,-903991252#0,0.0,0
1239,-904007339,0.0,0
1240,-904007340#0,0.0,0
1241,-904007340#1,0.0,0
1242,-904007341,0.0,0
1243,-904007342#0,0.0,0
1244,-904007342#1,0.0,0
1245,-904007342#2,0.0,0
1246,-904007343,0.0,0
1247,-904007344,0.0,0
1248,-904016872#0,0.0,0
1249,-904016872#1,0.0,0
1250,-904016873#0,0.0,0
1251,-904016873#1,0.0,0
1252,-904139728,0.0,0
1253,-904399853#0,0.0,0
1254,-904399853#1,0.0,0
1255,-904399854,0.0,0
1256,-904605181#0,0.0,0
1257,-904605186,0.0,0
1258,-904605189,79.96,1.66
1259,-904605196,0.0,0
1260,-904607124#0,0.0,0
1261,-904607126,0.0,0
1262,-904622812#0,53.58,1.25
1263,-904622812#1,46.16,2.66
1264,-904622812#2,45.34,1.87
1265,-904622812#3,45.34,1.5
1266,-904622812#4,20.61,0.83
1267,-904622814#0,46.99,4.64
1268,-904622814#1,46.99,1.69
1269,-904622814#2,46.16,1.26
1270,-904622814#6,56.06,2.18
1271,-904622814#7,54.41,1.63
1272,-904622816#0,8.24,0.75
1273,-904622816#1,8.24,0.37
1274,-904622816#2,8.24,0.49
1275,-904622816#3,9.89,0.43
1276,-904622818#0,9.07,1.83
1277,-904622818#1,9.07,0.46
1278,-904622818#2,8.24,0.36
1279,-904622818#3,8.24,0.31
1280,-904622818#4,9.07,1.52
1281,-904622818#5,6.59,0.28
1282,-904622820,4.12,0.11
1283,-904622822#0,15.66,0.66
1284,-904622822#1,17.31,0.39
1285,-904622822#2,18.14,0.41
1286,-904622822#3,22.26,0.51
1287,-904622822#4,31.33,0.66
1288,-904622822#5,31.33,0.61
1289,-904622822#6,32.15,0.78
1290,-904622823#0,3.3,0.17
1291,-904622823#1,1.65,0.07
1292,-904622823#2,2.47,0.34
1293,-904905420,0.0,0
1294,-904925976,0.0,0
1295,-904931978,0.0,0
1296,-904945539,0.0,0
1297,-904971643,0.0,0
1298,-904986216,0.0,0
1299,-904986217,0.0,0
1300,-904986218#0,0.0,0
1301,-904986218#1,0.0,0
1302,-904986218#2,0.0,0
1303,-904986219,0.0,0
1304,-905122701,0.0,0
1305,-905270872#0,0.0,0
1306,-905270872#1,0.0,0
1307,-905270872#2,0.0,0
1308,-905646840#0,11.54,0.66
1309,-905646842#0,7.42,0.12
1310,-905646842#1,4.12,0.35
1311,-905789620,0.0,0
1312,-906383521,0.0,0.1
1313,-906383522#0,13.19,0.28
1314,-906384969#0,0.0,0
1315,-906384969#1,0.0,0
1316,-906384970,0.0,0
1317,-906384971,0.0,0
1318,-906384972,0.0,0
1319,-906403354#0,0.0,0
1320,-906403354#1,0.0,0
1321,-906405840,0.0,0
1322,-906405842,2.47,0.1
1323,-906405844,3.3,0.08
1324,-906415642#0,0.0,0
1325,-906415642#1,0.0,0
1326,-906415650,0.0,0
1327,-906415651,0.0,0
1328,-906419457#0,0.0,0
1329,-906419457#1,0.0,0
1330,-906419458,0.0,0
1331,-906419459#0,0.0,0
1332,-906419459#1,0.0,0
1333,-906419460#0,0.0,0
1334,-906419460#1,0.0,0
1335,-906419461#0,1.65,0.04
1336,-906419461#1,3.3,0.25
1337,-906419465#0,8.24,0.3
1338,-906419465#1,9.89,0.27
1339,-906419465#2,10.72,0.54
1340,-906419465#3,9.89,0.51
1341,-906420784,0.0,0.26
1342,-906425993#0,37.92,1.23
1343,-906425993#1,37.1,0.75
1344,-906425993#2,37.1,0.94
1345,-906425993#3,41.22,0.85
1346,-906425993#4,39.57,0.87
1347,-906425994,84.09,1.91
1348,-906427581,0.0,0
1349,-906427582#0,0.0,0
1350,-906700197#0,13.19,1.04
1351,-906700198#1,65.95,1.76
1352,-906700198#2,64.3,2.12
1353,-906700199#0,36.27,2.56
1354,-906700199#1,37.92,1.79
1355,-906700199#2,39.57,1.46
1356,-906700200#1,19.78,1.67
1357,-906700200#2,18.14,0.93
1358,-906700200#3,18.14,0.8
1359,-906700200#4,17.31,0.55
1360,-906700200#5,18.14,0.7
1361,-906700200#6,15.66,0.69
1362,-906700200#7,16.49,0.62
1363,-906700200#8,15.66,0.52
1364,-906700200#9,18.14,0.71
1365,-906700206#0,79.14,2.26
1366,-906700206#1,80.79,1.92
1367,-906700206#2,84.09,2.22
1368,-906700206#3,85.73,2.31
1369,-906700206#4,90.68,3.62
1370,-906700206#5,93.98,2.73
1371,-906700207#0,84.09,1.59
1372,-906700207#1,84.09,1.84
1373,-906700208#0,62.65,1.26
1374,-906700208#1,65.12,1.27
1375,-906700208#2,66.77,1.55
1376,-906700208#3,68.42,1.35
1377,-906700208#4,68.42,1.35
1378,-906700208#5,84.09,2.21
1379,-906700208#7,84.09,2.17
1380,-906700209#0,10.72,1.04
1381,-906700209#1,9.89,0.56
1382,-906700212,0.82,0.09
1383,-906700213#0,0.0,0
1384,-906700213#1,0.0,0
1385,-906700215#0,188.78,8.87
1386,-906700215#1,192.9,4.77
1387,-906700215#2,190.43,5.0
1388,-906839017#2,80.79,2.08
1389,-906844744,24.73,0.66
1390,-906844749#0,18.96,1.75
1391,-906844749#1,14.84,0.66
1392,-906844750#1,12.37,0.52
1393,-906844750#2,30.5,0.88
1394,-906856904,148.39,3.92
1395,-906862821#1,0.0,0
1396,-906939330,29.68,1.39
1397,-906939350,6.59,0.09
1398,-906939351#0,23.08,0.43
1399,-906939351#1,24.73,0.49
1400,-906939351#2,27.2,0.59
1401,-906939352#0,9.07,0.34
1402,-906939352#1,5.77,0.18
1403,-906939353#0,49.46,1.11
1404,-906939353#1,56.88,1.43
1405,-906939354,4.12,0.1
1406,-906939355,3.3,0.07
1407,-906939356,13.19,0.42
1408,-906939357#0,37.1,0.96
1409,-906939357#2,37.1,0.86
1410,-906939357#3,37.1,1.34
1411,-906939357#4,37.92,0.86
1412,-906939357#5,37.1,1.28
1413,-906939357#6,37.1,0.94
1414,-906939358#0,18.14,1.5
1415,-906939358#1,17.31,0.54
1416,-906939358#2,14.01,0.7
1417,-906939358#3,14.01,0.63
1418,-906939358#4,14.01,12.93
1419,-906939358#5,26.38,32.52
1420,-906939358#6,22.26,0.74
1421,-906939358#7,22.26,0.93
1422,-906939361,13.19,0.48
1423,-906939362,0.0,0
1424,-906939363,5.77,0.24
1425,-906939364,13.19,0.6
1426,-906939365#2,18.14,0.7
1427,-906939365#3,18.14,0.47
1428,-906941962,0.0,0
1429,-906941963,0.0,0
1430,-907113119,0.0,0
1431,-907120302,0.0,0
1432,-907124732#1,0.0,0.02
1433,-911248050#0,20.61,1.4
1434,-911248050#1,18.96,0.73
1435,-911251945#0,12.37,0.37
1436,-911251945#1,12.37,0.39
1437,-911258378#0,8.24,0.29
1438,-911258378#1,9.07,0.31
1439,-911258378#2,9.89,0.49
1440,-911258378#3,61.0,2.08
1441,-911258378#4,61.83,2.12
1442,-911258378#5,62.65,2.26
1443,-911258379#0,9.07,0.27
1444,-911258379#1,5.77,0.25
1445,-911258379#2,4.12,0.18
1446,-911258380#0,2.47,0.17
1447,-911258380#2,3.3,0.12
1448,-911258380#3,5.77,0.22
1449,-911258380#4,3.3,0.07
1450,-911258380#5,8.24,0.23
1451,-912613952#0,1.65,0.19
1452,-912613952#1,3.3,0.29
1453,-912613953#0,15.66,1.01
1454,-912613953#1,15.66,0.96
1455,-912613969#0,18.14,0.55
1456,-917237325#1,0.0,0
1457,-917237325#2,0.0,0
1458,-917237325#3,0.0,0
1459,-917237325#4,0.0,0
1460,-917237326#1,0.0,0
1461,-917237326#2,0.0,0
1462,-917237326#4,0.0,0
1463,-917237326#5,0.0,0
1464,16719067,0.0,0
1465,16719213#0,0.0,0
1466,16719213#1,0.0,0
1467,16719213#2,0.0,0
1468,16719698#0,0.0,0
1469,16719698#1,0.0,0
1470,16720136#1,0.0,0
1471,16720145#0,0.0,0
1472,16720145#1,1.65,0.05
1473,16720242#0,0.0,0
1474,16720242#1,0.0,0
1475,16720242#2,0.0,0
1476,16720478,0.0,0
1477,16720964,0.0,0
1478,16721105,4.12,0.12
1479,16721125#0,6.59,0.31
1480,16721125#1,5.77,0.15
1481,16721128#0,7.42,0.2
1482,16721128#1,0.82,0.03
1483,16721128#2,0.0,0.05
1484,16721128#3,0.0,0
1485,16721196#0,4.12,0.13
1486,16721196#3,1.65,0.08
1487,16721196#4,2.47,0.32
1488,16721196#6,20.61,0.67
1489,16721196#7,18.96,0.91
1490,16721196#8,4.12,0.11
1491,16721208,0.0,0.12
1492,16721382#0,0.0,0.13
1493,16721382#1,5.77,0.32
1494,16721382#2,3.3,0.11
1495,16721382#4,5.77,0.23
1496,16721382#5,8.24,0.27
1497,16721382#6,5.77,0.16
1498,16721382#7,0.0,0
1499,16721393,3.3,0.08
1500,16721404#0,4.95,0.25
1501,16721404#1,7.42,0.24
1502,16721404#2,17.31,0.7
1503,16721404#3,17.31,0.46
1504,16721404#4,11.54,0.31
1505,16721404#5,10.72,1.03
1506,16721576#0,0.0,0.05
1507,16721576#1,11.54,0.41
1508,16721682,1.65,0.05
1509,16721684#1,0.0,0
1510,16721684#2,4.12,0.25
1511,16721684#3,2.47,0.07
1512,16721687#0,4.12,0.2
1513,16721699#1,22.26,0.93
1514,16721699#2,21.43,0.81
1515,16721699#3,23.08,0.63
1516,16721699#4,29.68,1.23
1517,16721739,0.0,0.03
1518,16721742#0,7.42,0.31
1519,16721742#1,6.59,0.35
1520,16721785,0.0,0.11
1521,16721791#1,5.77,1.51
1522,16721791#2,6.59,0.17
1523,16721791#3,5.77,3.39
1524,16721791#4,5.77,1.04
1525,16721792#1,10.72,0.29
1526,16721822#0,0.0,0.04
1527,16721822#1,4.12,0.27
1528,16721885#0,0.82,0.02
1529,16721885#1,9.07,0.25
1530,16721885#2,9.07,0.65
1531,16721910,4.95,0.14
1532,16722050,5.77,0.36
1533,16722134#0,0.0,0.04
1534,16722134#1,2.47,0.15
1535,16722175,7.42,0.23
1536,16722232,4.12,0.11
1537,16722253#0,3.3,0.07
1538,16722253#1,1.65,0.03
1539,16722302#1,10.72,0.55
1540,16722318,3.3,0.12
1541,16722369#1,16.49,0.46
1542,16722369#10,17.31,0.41
1543,16722369#11,40.39,1.11
1544,16722369#12,41.22,1.3
1545,16722369#13,39.57,3.6
1546,16722369#2,17.31,0.59
1547,16722369#3,18.14,0.67
1548,16722369#4,18.14,0.72
1549,16722369#6,17.31,0.42
1550,16722369#7,17.31,0.77
1551,16722369#8,17.31,0.64
1552,16722369#9,18.14,0.41
1553,16722370,0.82,0.03
1554,16722378#1,14.01,0.31
1555,16722378#2,19.78,0.44
1556,16722378#3,21.43,0.52
1557,16722378#4,23.08,0.54
1558,16722378#6,27.2,1.08
1559,16722413#0,4.12,0.18
1560,16722413#1,1.65,0.04
1561,16722440#0,1.65,0.05
1562,16722440#1,4.12,0.13
1563,16722440#2,4.95,0.17
1564,16722456#0,6.59,0.23
1565,16722456#1,5.77,0.25
1566,16722515#0,2.47,0.41
1567,16722515#1,0.0,0
1568,16722643#0,0.0,0.12
1569,16722643#1,2.47,0.08
1570,16722643#2,4.12,0.11
1571,16722643#3,7.42,0.24
1572,16722697,1.65,0.03
1573,16722700#1,4.12,0.2
1574,16722757#1,1.65,0.09
1575,16722757#2,113.76,2.79
1576,16722757#3,111.29,3.59
1577,16722757#4,101.4,3.45
1578,16722772#0,0.82,0.04
1579,16722772#1,4.12,0.1
1580,16722772#2,3.3,0.66
1581,16722772#3,1.65,0.05
1582,16722860#0,0.0,0.09
1583,16722860#1,2.47,0.07
1584,16722860#2,0.0,0
1585,16722864#1,29.68,0.75
1586,16722864#2,28.03,0.72
1587,16722864#3,21.43,0.77
1588,16722864#6,9.89,0.34
1589,16722864#7,3.3,0.11
1590,16722889#0,10.72,0.27
1591,16722889#1,2.47,0.05
1592,16722901#1,0.82,0.02
1593,16722930#1,16.49,0.44
1594,16722930#2,13.19,0.33
1595,16722930#3,16.49,0.49
1596,16722973,6.59,0.18
1597,16723052#1,15.66,0.5
1598,16723052#2,15.66,0.56
1599,16723170#0,3.3,0.19
1600,16723170#2,2.47,0.08
1601,16723170#3,3.3,0.1
1602,16723208,1.65,0.04
1603,16723210#0,0.82,0.02
1604,16723210#1,8.24,0.22
1605,16723213#0,8.24,0.27
1606,16723213#1,34.62,0.89
1607,16723213#2,15.66,0.33
1608,16723213#3,15.66,0.52
1609,16723213#4,10.72,0.43
1610,16723219#0,5.77,0.2
1611,16723219#1,4.95,0.15
1612,16723219#2,4.95,0.13
1613,16723221,6.59,0.24
1614,16723263,42.04,1.91
1615,16723270,2.47,0.06
1616,16723365#0,7.42,0.24
1617,16723365#1,6.59,0.16
1618,16723412#0,1.65,0.08
1619,16723412#1,3.3,0.15
1620,16723417#1,3.3,0.08
1621,16723417#2,0.82,0.03
1622,16723417#3,0.82,0.03
1623,16723560,0.0,0
1624,16723629#1,6.59,0.22
1625,16723629#2,13.19,0.51
1626,16723629#3,7.42,0.2
1627,16723636#0,7.42,0.17
1628,16723636#1,5.77,0.12
1629,16723696#0,0.0,0
1630,16723696#1,0.0,0
1631,16723820,98.92,2.48
1632,16724028#0,6.59,0.17
1633,16724028#1,2.47,0.06
1634,16724138#0,1.65,0.1
1635,16724138#1,2.47,0.09
1636,16724138#2,8.24,0.54
1637,16724138#3,3.3,0.21
1638,16724138#4,7.42,0.22
1639,16724138#5,5.77,0.14
1640,16724138#6,2.47,0.05
1641,16724145#0,0.0,0.02
1642,16724145#1,4.95,0.18
1643,16724145#2,3.3,0.12
1644,16724145#3,4.12,0.34
1645,16724146#0,4.12,0.2
1646,16724146#1,4.95,0.19
1647,16724146#2,2.47,0.14
1648,16724146#3,0.0,0.04
1649,16724159#0,18.96,0.7
1650,16724159#1,11.54,0.55
1651,16724159#2,10.72,0.63
1652,16724159#3,8.24,0.26
1653,16724165,0.82,0.05
1654,16724166#0,8.24,0.31
1655,16724166#1,9.07,0.33
1656,16724259,1.65,0.04
1657,16724289#0,0.0,0.07
1658,16724289#3,0.0,0.04
1659,16724398#0,0.0,0.09
1660,16724398#10,23.91,0.7
1661,16724398#2,0.0,0
1662,16724398#3,3.3,0.14
1663,16724398#4,4.12,0.15
1664,16724398#5,7.42,0.21
1665,16724398#6,11.54,0.44
1666,16724398#7,17.31,0.65
1667,16724398#8,25.56,0.62
1668,16724398#9,28.03,0.74
1669,16724403#0,27.2,0.4
1670,16724403#1,23.91,0.33
1671,16724403#2,23.08,0.48
1672,16724403#3,21.43,0.58
1673,16724403#4,8.24,0.16
1674,16724403#5,12.37,0.35
1675,16724405#0,0.0,0.02
1676,16724405#1,8.24,0.21
1677,16724405#2,17.31,0.48
1678,16724412#0,9.07,0.34
1679,16724412#1,6.59,0.24
1680,16724429#0,0.0,0.07
1681,16724429#1,1.65,0.15
1682,16724433#0,23.08,0.55
1683,16724433#1,14.84,0.76
1684,16724433#2,11.54,0.33
1685,16724433#3,9.07,0.31
1686,16724492#1,0.82,0.02
1687,16724850#0,18.96,0.43
1688,16724850#1,19.78,0.72
1689,16724850#2,18.96,0.5
1690,16724850#3,13.19,0.51
1691,16724850#4,9.89,0.41
1692,16724850#5,8.24,0.28
1693,16724850#6,4.95,0.11
1694,16724882#0,6.59,0.26
1695,16724882#1,3.3,0.11
1696,16724882#2,9.07,0.27
1697,16724882#4,5.77,0.19
1698,16724882#5,5.77,0.13
1699,16724923#0,0.82,0.06
1700,16724923#2,1.65,0.1
1701,16724923#3,0.0,0
1702,16725091,9.07,0.25
1703,16725296#0,9.89,0.5
1704,16725296#1,7.42,0.18
1705,16725296#2,9.07,0.36
1706,16725296#3,4.12,0.11
1707,16725296#4,3.3,0.11
1708,16725296#5,4.12,0.13
1709,16725296#6,4.12,0.21
1710,16725296#7,4.95,0.16
1711,16725409#1,5.77,0.3
1712,16725409#2,1.65,0.04
1713,16725409#3,1.65,0.12
1714,16725413#0,9.89,0.25
1715,16725413#1,6.59,0.51
1716,16725413#2,2.47,0.05
1717,16725432#0,12.37,0.37
1718,16725432#1,7.42,0.3
1719,16725432#2,2.47,0.11
1720,16725555#0,0.0,0
1721,16725555#1,0.0,0
1722,16725555#2,0.0,0
1723,16725555#3,0.0,0
1724,16725685#0,13.19,0.52
1725,16725685#1,12.37,0.45
1726,16725685#10,3.3,0.08
1727,16725685#12,4.12,0.09
1728,16725685#2,11.54,0.79
1729,16725685#3,10.72,0.56
1730,16725685#4,14.01,0.89
1731,16725685#5,10.72,0.61
1732,16725685#6,7.42,0.31
1733,16725685#7,6.59,0.29
1734,16725685#9,4.95,0.45
1735,16725686#0,0.0,0
1736,16725686#1,4.12,0.16
1737,16725686#2,5.77,0.22
1738,16725686#3,4.95,0.19
1739,16725686#4,4.95,0.14
1740,16725686#5,8.24,0.37
1741,16725686#6,32.15,1.21
1742,16725686#7,4.12,0.11
1743,16725686#8,1.65,0.06
1744,16725743#0,7.42,0.25
1745,16725743#1,4.95,0.12
1746,16725789#0,10.72,0.32
1747,16725789#1,12.37,0.31
1748,16725789#2,18.14,0.5
1749,16725789#3,18.14,0.49
1750,16725789#4,18.96,1.8
1751,16725824#0,12.37,0.35
1752,16725824#1,4.12,0.08
1753,16726029#0,0.82,0.06
1754,16726037,2.47,0.08
1755,16726039#1,0.0,0
1756,16726039#2,1.65,0.04
1757,16726056,3.3,0.16
1758,16726058,19.78,0.73
1759,16726164#0,6.59,0.24
1760,16726164#1,7.42,0.17
1761,16726164#10,4.12,0.13
1762,16726164#11,4.12,0.13
1763,16726164#12,3.3,0.28
1764,16726164#2,9.07,0.26
1765,16726164#3,14.01,0.75
1766,16726164#4,14.01,0.37
1767,16726164#5,16.49,0.42
1768,16726164#6,15.66,0.35
1769,16726164#7,16.49,0.53
1770,16726164#9,17.31,0.59
1771,16726339#0,0.0,0
1772,16726339#1,0.0,0.07
1773,16726341#0,0.0,0
1774,16726341#1,0.0,0.03
1775,16726341#2,1.65,0.3
1776,16726341#3,4.12,0.18
1777,16726354#0,0.82,0.04
1778,16726354#1,4.12,0.21
1779,16726354#2,4.12,0.14
1780,16726354#3,2.47,0.05
1781,16726515#0,7.42,0.3
1782,16726515#1,4.95,0.24
1783,16726669#0,4.12,0.18
1784,16726669#1,0.82,0.02
1785,16726716#0,8.24,0.43
1786,16726716#1,4.12,0.13
1787,16726729,5.77,0.12
1788,16726731#0,8.24,0.4
1789,16726731#1,4.95,0.25
1790,16726731#2,4.12,0.13
1791,16726731#3,0.0,0
1792,16726800#1,9.07,0.92
1793,16726800#2,6.59,0.22
1794,16726800#3,6.59,0.16
1795,16726800#4,9.89,0.39
1796,16726800#5,8.24,0.27
1797,16726822#0,5.77,0.26
1798,16726822#1,4.95,0.17
1799,16726822#2,7.42,0.21
1800,16726822#3,5.77,0.15
1801,16726822#4,5.77,0.19
1802,16726822#5,3.3,0.23
1803,16726822#6,4.12,0.15
1804,16726822#7,1.65,0.04
1805,16726825#0,1.65,0.07
1806,16726825#1,3.3,0.17
1807,16726825#2,3.3,0.13
1808,16726825#3,3.3,0.17
1809,16727006,0.0,0.12
1810,16727064,0.82,0.02
1811,16727085#0,0.0,0.07
1812,16727085#10,7.42,9.5
1813,16727085#11,8.24,0.4
1814,16727085#12,12.37,0.41
1815,16727085#3,2.47,0.07
1816,16727085#4,0.82,0.14
1817,16727085#5,0.0,0
1818,16727085#6,0.0,0.04
1819,16727085#7,1.65,0.21
1820,16727085#8,3.3,0.14
1821,16727085#9,1.65,0.09
1822,16727114#0,6.59,0.25
1823,16727114#1,5.77,0.16
1824,16727114#2,3.3,0.12
1825,16727204#1,4.12,0.09
1826,16727209#0,3.3,0.17
1827,16727209#1,0.82,0.07
1828,16727255#1,1.65,0.09
1829,16727255#2,1.65,0.09
1830,16727273#0,0.0,0.11
1831,16727273#1,0.82,0.08
1832,16727273#2,3.3,0.11
1833,16727358#0,38.75,1.49
1834,16727358#1,26.38,1.17
1835,16727358#2,22.26,2.38
1836,16727358#3,20.61,0.56
1837,16727358#4,19.78,1.99
1838,16727358#5,18.14,0.5
1839,16727394#0,4.12,0.13
1840,16727394#1,8.24,0.19
1841,16727394#2,19.78,0.52
1842,16727394#3,21.43,1.51
1843,16727394#4,32.15,1.08
1844,16727400#0,0.0,0.04
1845,16727400#1,2.47,0.05
1846,16727400#2,4.12,0.18
1847,16727462#0,0.82,0.02
1848,16727462#1,5.77,0.15
1849,16727485#0,3.3,0.12
1850,16727485#1,4.95,0.16
1851,16727500,9.89,0.37
1852,16727655#1,4.12,0.1
1853,16727655#2,4.12,0.09
1854,16727655#3,18.96,0.54
1855,16727655#4,19.78,1.26
1856,16727700#0,0.0,0.1
1857,16727700#1,0.82,0.04
1858,16727700#2,6.59,0.18
1859,16727700#3,6.59,0.23
1860,16727721,1.65,0.04
1861,16727879,6.59,0.15
1862,16727910#0,1.65,0.04
1863,16727910#1,1.65,0.09
1864,16727910#2,9.89,0.3
1865,16727910#4,7.42,0.2
1866,16727910#5,5.77,0.44
1867,16727910#6,3.3,0.07
1868,16727930#0,1.65,0.08
1869,16727930#1,0.82,0.02
1870,16727930#2,0.82,0.08
1871,16727930#3,0.0,0.03
1872,16727947#0,0.0,0
1873,16727947#1,0.0,0
1874,16728002#1,2.47,0.07
1875,16728002#2,4.95,0.18
1876,16728002#3,3.3,0.09
1877,16728002#4,2.47,0.1
1878,16728002#5,4.12,0.19
1879,16728003,34.62,1.1
1880,16728072#0,28.03,0.97
1881,16728072#1,26.38,2.93
1882,16728072#2,14.01,0.6
1883,16728219,0.0,0
1884,16728291#0,7.42,0.29
1885,16728291#1,5.77,0.15
1886,16728291#2,1.65,0.11
1887,16728361#0,0.0,0
1888,16728361#1,0.0,0
1889,16728415#0,0.0,0
1890,16728415#1,4.12,0.11
1891,16728487,1.65,0.04
1892,16728488#0,4.12,0.17
1893,16728488#1,1.65,0.04
1894,16728507#0,0.0,0.09
1895,16728507#1,2.47,0.1
1896,16728507#2,7.42,0.23
1897,16728507#3,9.07,0.3
1898,16728507#4,6.59,0.24
1899,16728507#5,4.12,0.09
1900,16728512,6.59,0.16
1901,16728602#0,2.47,0.16
1902,16728602#1,24.73,0.73
1903,16728602#2,27.2,0.59
1904,16728602#3,36.27,4.2
1905,16728602#4,37.1,1.14
1906,16728602#5,38.75,0.85
1907,16728602#6,41.22,1.06
1908,16728602#7,45.34,1.07
1909,16728608,2.47,0.07
1910,16728645#0,10.72,0.32
1911,16728645#1,8.24,0.36
1912,16728645#2,6.59,0.17
1913,16728645#3,18.96,0.91
1914,16728645#4,4.95,0.21
1915,16728645#5,5.77,0.16
1916,16728645#6,4.95,0.12
1917,16728645#7,4.12,0.08
1918,16728656,1.65,0.06
1919,16728658,3.3,0.11
1920,16728790#1,6.59,0.29
1921,16728790#2,3.3,0.12
1922,16728814#0,0.0,0.13
1923,16728814#1,3.3,0.16
1924,16728814#2,3.3,0.06
1925,16728892#0,13.19,0.48
1926,16729035#0,1.65,0.07
1927,16729035#1,2.47,0.06
1928,16729095#0,0.82,0.02
1929,16729095#1,1.65,0.15
1930,16729162#0,4.95,0.16
1931,16729162#1,11.54,0.52
1932,16729162#2,0.82,0.07
1933,16729162#3,5.77,0.24
1934,16729162#4,5.77,0.26
1935,16729162#5,4.12,0.17
1936,16729162#6,0.82,0.08
1937,16729237#0,0.0,0.06
1938,16729237#1,4.95,0.12
1939,16729306#0,0.0,0
1940,16729306#1,0.0,0
1941,16729324#0,9.89,0.32
1942,16729324#1,9.07,0.32
1943,16729324#2,9.07,0.46
1944,16729324#3,9.89,0.39
1945,16729340,0.0,0.03
1946,16729384#1,0.82,0.05
1947,16729384#2,1.65,0.14
1948,16729389#1,0.0,0
1949,16729391,224.23,11.61
1950,16729398#0,0.0,0.07
1951,16729398#1,6.59,0.49
1952,16729399#0,18.14,0.58
1953,16729399#1,18.14,0.95
1954,16729399#2,14.01,0.5
1955,16729399#3,12.37,0.39
1956,16729399#4,4.12,0.08
1957,16729442#1,2.47,0.09
1958,16729442#2,8.24,0.42
1959,16729442#3,7.42,0.21
1960,16729442#4,2.47,0.11
1961,16729442#5,7.42,0.32
1962,16729624#1,31.33,0.53
1963,16729624#10,89.03,1.45
1964,16729624#11,88.21,1.52
1965,16729624#12,91.5,1.46
1966,16729624#13,92.33,1.4
1967,16729624#14,89.86,1.41
1968,16729624#15,89.03,1.43
1969,16729624#16,87.38,2.77
1970,16729624#17,16.49,0.41
1971,16729624#2,44.52,0.91
1972,16729624#3,45.34,0.74
1973,16729624#4,55.23,1.0
1974,16729624#5,57.71,3.58
1975,16729624#6,59.35,1.08
1976,16729624#7,60.18,3.11
1977,16729624#8,75.02,1.54
1978,16729624#9,77.49,1.13
1979,16729641#0,0.82,0.12
1980,16729641#1,6.59,5.8
1981,16729665#0,0.0,0.1
1982,16729665#1,1.65,0.08
1983,16729754,20.61,0.54
1984,16729764#0,4.12,0.12
1985,16729764#1,6.59,0.26
1986,16729764#2,7.42,0.18
1987,16729764#3,7.42,0.4
1988,16729766#0,2.47,0.12
1989,16729766#1,4.12,0.09
1990,16729791#0,17.31,0.37
1991,16729791#1,16.49,0.48
1992,16729794#1,12.37,0.95
1993,16729794#2,12.37,1.08
1994,16729794#3,10.72,1.31
1995,16729794#4,6.59,0.33
1996,16729794#5,8.24,1.11
1997,16729803,2.47,0.11
1998,16729852,0.82,0.07
1999,170301672#1,0.0,0
2000,170301674#1,40.39,0.77
2001,170301674#2,49.46,1.0
2002,170301674#3,50.29,2.53
2003,170301685#0,0.0,0.17
2004,170301685#1,12.37,0.46
2005,170301687#0,0.0,0.16
2006,170301687#1,18.96,0.37
2007,170407029,0.0,0
2008,171004421#0,103.05,2.13
2009,171004421#1,114.59,2.28
2010,171004421#2,114.59,2.78
2011,171004421#3,103.05,2.02
2012,171004421#5,108.82,2.93
2013,171004421#7,113.76,6.64
2014,171004421#8,115.41,29.67
2015,171004796#0,42.87,1.05
2016,171004796#1,36.27,0.76
2017,171004796#2,33.8,0.68
2018,171004796#5,30.5,0.65
2019,171004796#6,29.68,0.65
2020,171004796#9,29.68,32.42
2021,171294543#0,4.95,0.19
2022,171294543#1,4.95,0.15
2023,171294543#2,4.12,0.1
2024,171294549#0,0.82,0.02
2025,171294549#1,1.65,0.05
2026,171294549#2,1.65,0.07
2027,171294549#3,5.77,0.2
2028,171294549#4,3.3,0.19
2029,171294553#0,1.65,0.1
2030,171294553#1,2.47,0.2
2031,171294553#2,5.77,0.18
2032,171294553#3,7.42,0.34
2033,171294553#4,9.89,0.53
2034,171294553#5,4.12,0.11
2035,171294553#6,4.12,0.2
2036,171294557,0.0,0.13
2037,171294560#0,0.0,0.03
2038,171294560#1,1.65,0.05
2039,171294564#0,4.12,0.13
2040,171294564#1,2.47,0.13
2041,171294564#2,1.65,0.05
2042,171294564#3,0.0,0.03
2043,171294564#4,0.0,0
2044,171294567,0.0,0
2045,171294569,0.0,0
2046,171488544#1,13.19,7.88
2047,171488544#2,14.84,44.99
2048,171488544#3,23.08,10.62
2049,171488545#0,9.89,0.51
2050,171488545#1,11.54,0.27
2051,171488545#2,13.19,0.36
2052,171488545#3,15.66,1.91
2053,171488547#0,15.66,0.94
2054,171488547#10,42.87,1.79
2055,171488547#11,134.37,3.46
2056,171488547#13,136.02,3.21
2057,171488547#14,138.49,19.46
2058,171488547#2,22.26,0.63
2059,171488547#5,26.38,0.96
2060,171488547#6,32.15,0.77
2061,171488547#7,31.33,0.68
2062,171488547#8,35.45,0.81
2063,171488547#9,37.1,0.88
2064,171488548#0,4.12,0.13
2065,171488548#1,2.47,0.09
2066,171488549#0,1.65,0.13
2067,171702737#0,5.77,0.18
2068,171702737#1,8.24,0.51
2069,171702737#2,7.42,0.2
2070,171702737#3,7.42,0.31
2071,171702737#4,4.12,3.31
2072,171702737#5,4.12,0.12
2073,171702737#6,3.3,0.11
2074,171702739#0,0.0,0.06
2075,171702739#1,0.0,0.04
2076,171702739#2,5.77,2.91
2077,171702739#3,4.12,0.15
2078,171702740#0,15.66,0.4
2079,171702740#1,12.37,0.32
2080,171702740#2,9.89,0.22
2081,171702741#0,1.65,0.05
2082,171702741#1,0.0,0
2083,171702741#2,0.0,0
2084,171702741#3,5.77,0.25
2085,171702741#4,1.65,0.04
2086,171702752#0,0.0,0
2087,171702752#1,0.0,0
2088,171702758#1,0.0,0
2089,171702759,0.0,0.03
2090,201532647,0.0,0
2091,201532648,0.0,0
2092,201532649,0.0,0
2093,201532650,0.0,0
2094,201532651#0,0.0,0
2095,201532651#1,0.0,0
2096,201538331,0.0,0
2097,201538332#0,0.0,0
2098,201538332#1,0.0,0
2099,201538332#2,0.0,0
2100,201538333,0.0,0
2101,201538334,0.0,0
2102,201552842,0.0,0
2103,201552843,0.0,0
2104,201552844,0.0,0
2105,201552845,0.0,0
2106,201552846,0.0,0
2107,201552849,0.0,0
2108,201552850,0.0,0
2109,201552852,0.0,0
2110,201552853#0,0.0,0
2111,201552853#1,0.0,0
2112,201552856#0,0.0,0
2113,201552856#1,0.0,0
2114,201552858,0.0,0
2115,201552859,0.0,0
2116,201552861#0,0.0,0
2117,201552861#1,0.0,0
2118,201552862#0,0.0,0
2119,201552862#1,0.0,0
2120,201552864#0,0.0,0
2121,201552864#1,0.0,0
2122,201552865#0,0.0,0
2123,201552865#1,0.0,0
2124,201594213,0.0,0
2125,201594214,0.0,0
2126,201594215,0.0,0
2127,201594216,0.0,0
2128,201594217,0.0,0
2129,201594218,0.0,0
2130,201594219,0.0,0
2131,201594220,0.0,0
2132,218132216,117.88,3.25
2133,250070897#0,0.0,0
2134,250070897#1,0.0,0
2135,250070897#2,0.0,0
2136,250070897#3,0.0,0
2137,250070897#4,0.0,0
2138,250070897#5,0.0,0
2139,252994601#0,53.58,2.42
2140,252994601#1,53.58,1.12
2141,252994602#0,0.0,0.06
2142,252994602#1,4.12,0.21
2143,252994602#2,5.77,0.48
2144,252994603#0,0.0,0
2145,252994603#1,0.0,0.05
2146,252994603#2,0.82,0.03
2147,252994604#1,11.54,0.37
2148,252994605#0,0.0,0
2149,252994605#1,0.0,0
2150,252994605#3,0.0,0
2151,252994606#0,0.0,0.09
2152,252994606#1,5.77,0.41
2153,252994606#3,4.95,2.02
2154,252994606#4,5.77,0.17
2155,252994606#5,9.07,0.26
2156,252994607#0,11.54,25.53
2157,252994607#1,12.37,4.38
2158,252994608#1,18.96,7.69
2159,252994609#0,0.0,0
2160,252994609#1,0.0,0
2161,252994609#10,0.0,0
2162,252994609#2,0.0,0
2163,252994609#3,0.0,0
2164,252994609#4,0.0,0
2165,252994609#5,0.0,0
2166,252994609#6,0.0,0
2167,252994609#7,0.0,0
2168,252994609#8,0.0,0
2169,252994609#9,0.0,0
2170,252994610#0,23.08,1.36
2171,252994611#1,51.11,2.7
2172,252994611#2,64.3,3.35
2173,252994611#3,65.12,1.53
2174,252994611#4,65.12,2.61
2175,252994611#5,69.25,1.49
2176,252994611#6,70.07,3.5
2177,252994611#7,70.07,5.59
2178,252994613,0.0,0
2179,252994615#0,0.0,0
2180,252994615#1,0.0,0
2181,252994616,0.0,0
2182,252994617#0,0.0,0
2183,252994617#1,0.0,0
2184,252994617#2,0.0,0
2185,252994617#3,0.0,0
2186,252994618#0,0.0,0
2187,252994618#1,0.0,0
2188,252994619#1,0.0,0
2189,252994619#2,0.0,0
2190,252995526#1,1.65,0.15
2191,252995527#0,18.96,0.92
2192,252995527#1,16.49,2.41
2193,252995531#0,1.65,0.06
2194,252995531#1,2.47,0.09
2195,252995533#0,4.95,0.68
2196,252995533#1,3.3,0.11
2197,252995533#2,3.3,0.07
2198,252995533#3,4.12,0.4
2199,252995537#0,14.84,1.45
2200,252995537#1,14.84,0.93
2201,252995542,0.0,0
2202,252995545,0.0,0
2203,252995547,0.0,0
2204,252995549,0.0,0
2205,252995551#0,0.0,0
2206,252995551#1,0.0,0
2207,252995551#2,0.0,0
2208,252995551#3,0.0,0
2209,252995551#4,0.0,0
2210,252995552,0.0,0
2211,252995554,0.0,0
2212,252995555#0,0.0,0
2213,252995555#1,0.0,0
2214,252995555#2,0.0,0
2215,252995555#3,0.0,0
2216,252995556#0,0.0,0
2217,252995556#1,0.0,0
2218,252995556#2,0.0,0
2219,252995557#0,0.0,0
2220,252995557#1,0.0,0
2221,252995557#2,0.0,0
2222,252995558,0.0,0
2223,252995560#0,0.0,0
2224,252995560#1,0.0,0
2225,252995560#2,0.0,0
2226,252995560#3,0.0,0
2227,252995561#0,0.0,0
2228,252995561#1,0.0,0
2229,252995561#2,0.0,0
2230,252995561#3,0.0,0
2231,252995561#4,0.0,0
2232,252995564#1,0.0,0
2233,252995564#2,0.0,0
2234,252995564#3,0.0,0
2235,252995564#4,0.0,0
2236,252995564#5,0.0,0
2237,252995778,0.0,0
2238,252995779#0,0.0,0
2239,252995779#1,0.0,0
2240,252995780,0.0,0
2241,252995781#0,0.0,0
2242,252995781#1,0.0,0
2243,252995781#2,0.0,0
2244,252995782,0.0,0
2245,252995783#0,0.0,0
2246,252995783#1,0.0,0
2247,252995784#0,0.0,0
2248,252995784#1,0.0,0
2249,252995784#2,0.0,0
2250,252995784#3,0.0,0
2251,252995785#1,0.0,0
2252,252995785#2,0.0,0
2253,252995785#3,0.0,0
2254,252995785#4,0.0,0
2255,252995786#0,0.0,0
2256,252995786#1,0.0,0
2257,252995786#2,0.0,0
2258,252995786#3,0.0,0
2259,252995786#4,0.0,0
2260,252996552#0,0.0,0
2261,252996552#1,0.0,0
2262,252996552#10,0.0,0
2263,252996552#11,0.0,0
2264,252996552#2,0.0,0
2265,252996552#3,0.0,0
2266,252996552#4,0.0,0
2267,252996552#5,0.0,0
2268,252996552#6,0.0,0
2269,252996552#7,0.0,0
2270,252996552#8,0.0,0
2271,252996552#9,0.0,0
2272,252996553#0,0.0,0
2273,252996553#1,0.0,0
2274,252996553#2,0.0,0
2275,252996554#0,0.0,0
2276,252996554#1,0.0,0
2277,252996554#2,0.0,0
2278,252996555#0,0.0,0
2279,252996555#1,0.0,0
2280,252996555#2,0.0,0
2281,252996556#0,0.0,0
2282,252996556#1,0.0,0
2283,252996556#2,0.0,0
2284,252996557#0,0.0,0
2285,252996557#1,0.0,0
2286,252996557#2,0.0,0
2287,252996557#3,0.0,0
2288,252996557#4,0.0,0
2289,252996557#5,0.0,0
2290,252996558#0,0.0,0
2291,252996558#2,0.0,0
2292,252996558#3,0.0,0
2293,252996558#4,0.0,0
2294,252996558#5,0.0,0
2295,252996559#0,0.0,0
2296,252996559#1,0.0,0
2297,252996559#2,0.0,0
2298,252996559#3,0.0,0
2299,252996559#4,0.0,0
2300,252996559#5,0.0,0
2301,252996559#6,0.0,0
2302,252996560#0,0.0,0
2303,252996560#1,0.0,0
2304,252996560#2,0.0,0
2305,252996560#3,0.0,0
2306,252996560#4,0.0,0
2307,252996560#5,0.0,0
2308,252996561#0,0.0,0
2309,252996561#1,0.0,0
2310,252996561#2,0.0,0
2311,252997112#0,17.31,12.0
2312,252997112#1,16.49,1.06
2313,252997113#1,2.47,0.06
2314,252997114#0,159.1,25.43
2315,252997115#0,52.76,2.58
2316,252997115#1,51.11,5.17
2317,252997116#0,4.95,0.16
2318,252997116#1,2.47,0.08
2319,252997116#2,1.65,0.05
2320,252997116#3,1.65,0.11
2321,252997119#0,0.0,0
2322,252997119#1,0.0,0
2323,252997119#2,0.0,0
2324,252997245#0,23.91,0.81
2325,252997245#1,23.91,1.05
2326,252997247#1,9.89,0.46
2327,252997247#10,12.37,0.32
2328,252997247#11,15.66,0.62
2329,252997247#12,15.66,0.64
2330,252997247#13,14.84,0.43
2331,252997247#14,14.84,0.39
2332,252997247#15,14.01,0.42
2333,252997247#16,14.01,0.5
2334,252997247#17,15.66,0.67
2335,252997247#18,18.14,0.59
2336,252997247#19,18.96,0.93
2337,252997247#2,9.89,0.41
2338,252997247#20,21.43,1.37
2339,252997247#3,9.07,0.3
2340,252997247#4,9.07,0.51
2341,252997247#5,9.07,0.44
2342,252997247#6,9.89,0.36
2343,252997247#7,10.72,0.4
2344,252997247#8,11.54,0.37
2345,252997247#9,12.37,0.35
2346,252997248#0,22.26,0.81
2347,252997248#1,4.12,0.09
2348,253127029#1,0.0,0
2349,253127029#2,0.0,0
2350,253127029#3,0.0,0
2351,253127029#4,0.0,0
2352,253127040#0,0.0,0
2353,253127040#1,0.0,0
2354,253127040#2,0.0,0
2355,253127040#3,0.0,0
2356,253127040#4,0.0,0
2357,253127040#5,0.0,0
2358,253127040#6,0.0,0
2359,253127040#7,0.0,0
2360,253127040#8,0.0,0
2361,253127041,0.0,0
2362,253127043,0.0,0
2363,253127044,0.0,0
2364,253127046,0.0,0
2365,253128518#0,0.0,0
2366,253128518#1,0.0,0
2367,253128518#2,0.0,0
2368,253128518#3,0.0,0
2369,253128519,0.0,0
2370,253128522,0.0,0
2371,253128523,0.0,0
2372,253128524,0.0,0
2373,253128527#0,0.0,0
2374,253128527#2,0.0,0
2375,253128528#0,0.0,0
2376,253128528#1,0.0,0
2377,253128529#0,0.0,0
2378,253128529#1,0.0,0
2379,253128530,0.0,0
2380,253128531,0.0,0
2381,253128533,0.0,0
2382,253128534,0.0,0
2383,253128536#0,0.0,0
2384,253128536#1,0.0,0
2385,253128544#0,0.0,0
2386,253128544#1,0.0,0
2387,253128545,0.0,0
2388,253128546,0.0,0
2389,253129279#0,0.0,0
2390,253129279#1,0.0,0
2391,253129279#2,0.0,0
2392,253129279#3,0.0,0
2393,253129279#4,0.0,0
2394,253129279#5,0.0,0
2395,253129280#0,0.0,0
2396,253129280#1,0.0,0
2397,253129281,0.0,0
2398,253129282,0.0,0
2399,253129283,0.0,0
2400,253129284#0,0.0,0
2401,253129284#1,0.0,0
2402,253129284#10,0.0,0
2403,253129284#2,0.0,0
2404,253129284#3,0.0,0
2405,253129284#4,0.0,0
2406,253129284#5,0.0,0
2407,253129284#6,0.0,0
2408,253129284#7,0.0,0
2409,253129284#8,0.0,0
2410,253129284#9,0.0,0
2411,253129285#1,0.0,0
2412,253129286#1,0.0,0
2413,253129287#0,0.0,0
2414,253129287#1,0.0,0
2415,253129288#0,0.0,0
2416,253129288#2,0.0,0
2417,253129289#1,4.95,23.66
2418,253129291#1,0.0,0
2419,253129293#0,0.0,0
2420,253129293#1,0.0,0
2421,253129294#0,0.0,0
2422,253129294#1,0.0,0
2423,253129294#2,0.0,0
2424,253129296#0,0.0,0
2425,253129296#1,0.0,0
2426,253129300#0,0.0,0
2427,253129300#1,0.0,0
2428,253129304,0.0,0
2429,253129376#0,0.0,0
2430,253129376#1,0.0,0
2431,253129870#0,0.0,0
2432,253129870#1,0.0,0
2433,253129870#10,0.0,0
2434,253129870#11,0.0,0
2435,253129870#12,0.0,0
2436,253129870#13,0.0,0
2437,253129870#14,0.0,0
2438,253129870#15,0.0,0
2439,253129870#16,0.0,0
2440,253129870#17,0.0,0
2441,253129870#18,0.0,0
2442,253129870#19,0.0,0
2443,253129870#2,0.0,0
2444,253129870#20,0.0,0
2445,253129870#21,0.0,0
2446,253129870#3,0.0,0
2447,253129870#4,0.0,0
2448,253129870#5,0.0,0
2449,253129870#6,0.0,0
2450,253129870#7,0.0,0
2451,253129870#8,0.0,0
2452,253129870#9,0.0,0
2453,253129873#0,0.0,0
2454,253129873#1,0.0,0
2455,253129874#0,0.0,0
2456,253129874#2,0.0,0
2457,253130291#1,150.86,4.71
2458,253130291#2,147.56,4.48
2459,253130291#6,146.74,4.87
2460,253130293,152.51,4.13
2461,253130294,138.49,3.84
2462,253130296#0,159.1,27.52
2463,253130296#1,159.93,392.99
2464,253130297#0,154.16,127.74
2465,253130297#1,153.33,4.03
2466,253130299#0,154.98,3.75
2467,253130299#1,132.72,78.41
2468,253130300#0,0.0,0
2469,253130300#1,0.0,0
2470,253130300#2,0.0,0
2471,253130550#0,0.0,0
2472,253130550#2,0.0,0
2473,253130550#3,0.0,0
2474,253130550#4,0.0,0
2475,253132254#0,0.0,0
2476,253132254#1,0.0,0
2477,253132317#1,0.0,0
2478,253132317#2,0.0,0
2479,253132317#3,0.0,0
2480,253132317#4,0.0,0
2481,253132317#5,0.0,0
2482,253132318#1,0.0,0
2483,253132318#2,0.0,0
2484,253132318#3,0.0,0
2485,253132319#0,0.0,0
2486,253132319#1,0.0,0
2487,253132319#10,0.0,0
2488,253132319#11,0.0,0
2489,253132319#12,0.0,0
2490,253132319#13,0.0,0
2491,253132319#14,0.0,0
2492,253132319#15,0.0,0
2493,253132319#2,0.0,0
2494,253132319#3,0.0,0
2495,253132319#4,0.0,0
2496,253132319#5,0.0,0
2497,253132319#6,0.0,0
2498,253132319#7,0.0,0
2499,253132319#8,0.0,0
2500,253132319#9,0.0,0
2501,253132320#0,0.0,0
2502,253132320#1,0.0,0
2503,253132321,0.0,0
2504,253132779,108.82,12.89
2505,253132781#0,0.0,0.12
2506,253132781#1,17.31,0.55
2507,253132781#2,16.49,0.49
2508,253132781#3,18.14,0.78
2509,253132783,2.47,0.17
2510,253260529#0,0.0,0
2511,253260529#1,0.0,0
2512,253260530,0.0,0
2513,253260533,0.0,0
2514,253268317#0,0.0,0
2515,253268317#1,0.0,0
2516,253268317#2,0.0,0
2517,253268317#3,0.0,0
2518,253268317#4,0.0,0
2519,253268317#5,0.0,0
2520,253268317#6,0.0,0
2521,253268318#0,0.0,0
2522,253268318#1,0.0,0
2523,253268318#2,0.0,0
2524,253268318#3,0.0,0
2525,253268318#4,0.0,0
2526,253268319,0.0,0
2527,253268320,0.0,0
2528,253268321#0,0.0,0
2529,253268321#1,0.0,0
2530,253268321#2,0.0,0
2531,253268321#3,0.0,0
2532,253268322#0,0.0,0
2533,253268322#1,0.0,0
2534,253268322#2,0.0,0
2535,253268322#3,0.0,0
2536,253268323,0.0,0
2537,253268325#1,0.0,0
2538,253268325#2,0.0,0
2539,253268325#3,0.0,0
2540,253268325#4,0.0,0
2541,253268325#5,0.0,0
2542,253268326,0.0,0
2543,253268327,0.0,0
2544,253268328,0.0,0
2545,253268329,0.0,0
2546,253268330#0,0.0,0
2547,253268330#1,0.0,0
2548,253268330#3,0.0,0
2549,253268331#0,0.0,0
2550,253268331#1,0.0,0
2551,253272375#0,9.07,0.26
2552,253272375#1,10.72,0.26
2553,253272379,0.0,0
2554,253273630,0.0,0
2555,253275178#1,4.12,0.24
2556,253275179#0,0.0,0
2557,253275179#1,0.0,0
2558,253275180#0,0.0,0
2559,253275180#1,0.0,0
2560,253275180#2,0.0,0
2561,253275181,0.0,0
2562,255973733#0,115.41,2.59
2563,255973733#1,117.06,2.66
2564,255973733#2,123.65,2.57
2565,255973733#3,126.13,2.5
2566,255973733#4,124.48,6.38
2567,255973733#5,84.91,1.76
2568,255973733#6,86.56,1.76
2569,255973733#7,82.44,1.83
2570,255973733#8,84.91,2.3
2571,255973733#9,85.73,3.47
2572,255973752#0,37.92,0.62
2573,255973752#1,35.45,0.7
2574,255973752#2,30.5,0.99
2575,255973752#4,8.24,0.11
2576,257153884,0.0,0
2577,257153885,0.0,0
2578,257153886#0,0.0,0
2579,257153886#1,0.0,0
2580,257153886#2,0.0,0
2581,257153886#3,0.0,0
2582,265149485#0,0.0,0.09
2583,265149485#1,2.47,0.09
2584,265149485#2,1.65,0.04
2585,265353020#1,11.54,0.59
2586,267466899#0,4.95,1.24
2587,267466899#1,3.3,0.08
2588,267466899#2,2.47,0.14
2589,267466899#3,0.82,0.05
2590,282168226,14.01,1.16
2591,294774642#0,0.0,0.06
2592,294774642#1,4.12,0.13
2593,294774832,0.0,0
2594,300413804#1,0.0,0
2595,300413804#2,0.0,0
2596,300413804#3,0.0,0
2597,300413804#4,0.0,0
2598,300413805,0.0,0
2599,300413806,0.0,0
2600,314153597#1,64.3,1.52
2601,314153599#1,98.1,2.0
2602,314153599#2,88.21,3.23
2603,314153602#1,120.36,3.16
2604,314153602#2,117.88,7.08
2605,314153602#3,120.36,138.14
2606,314153605#0,58.53,1.48
2607,314153605#1,54.41,1.33
2608,314153605#2,44.52,0.69
2609,314153605#3,43.69,1.0
2610,319515047#0,0.0,0
2611,319515047#1,0.0,0
2612,319515047#10,0.0,0
2613,319515047#11,0.0,0
2614,319515047#12,0.0,0
2615,319515047#2,0.0,0
2616,319515047#3,0.0,0
2617,319515047#4,0.0,0
2618,319515047#5,0.0,0
2619,319515047#6,0.0,0
2620,319515047#7,0.0,0
2621,319515047#8,0.0,0
2622,319515047#9,0.0,0
2623,319515051#1,0.0,0
2624,319515051#2,0.0,0
2625,319515051#3,0.0,0
2626,319515051#4,0.0,0
2627,319515051#5,0.0,0
2628,319515052#0,0.0,0
2629,319515052#1,0.0,0
2630,319515059,0.0,0
2631,319515066,0.0,0
2632,321760060#0,79.96,1.9
2633,321760060#1,80.79,2.08
2634,321760060#2,77.49,1.66
2635,321760060#3,78.31,1.86
2636,321760060#5,69.25,1.52
2637,321760060#7,61.83,1.17
2638,321760060#8,61.0,1.73
2639,321760061#0,72.54,3.14
2640,321760074#0,0.0,0
2641,321760074#1,0.0,0
2642,325021549,6.59,0.18
2643,339859629,0.0,0.03
2644,339859630,9.07,0.23
2645,339859632#0,6.59,0.69
2646,339859632#1,0.0,0
2647,339859633#0,9.89,0.4
2648,339859633#1,6.59,0.42
2649,339859633#2,4.95,0.46
2650,361221973#1,60.18,1.4
2651,361221973#2,46.16,1.02
2652,361221973#3,39.57,0.78
2653,361221973#4,37.1,2.3
2654,361221974#0,27.2,0.92
2655,361221974#1,25.56,0.9
2656,361221974#2,25.56,0.8
2657,361221974#3,30.5,1.09
2658,361221974#4,30.5,0.88
2659,361221974#5,32.15,2.98
2660,361221974#6,29.68,1.24
2661,361221974#7,30.5,0.86
2662,361221974#8,30.5,0.83
2663,361221974#9,28.85,0.86
2664,361221975#0,94.8,2.28
2665,361221975#1,99.75,2.13
2666,361221975#2,103.05,2.45
2667,361221975#4,102.22,48.64
2668,361221975#5,101.4,3.17
2669,361221976#0,12.37,0.5
2670,361221976#1,11.54,0.43
2671,361221976#2,11.54,2.23
2672,361221976#3,0.82,0.03
2673,361221976#6,13.19,1.17
2674,361221996,59.35,3.51
2675,361221997,68.42,2.48
2676,361221998,68.42,1.75
2677,361221999,72.54,2.25
2678,361222002#0,65.12,1.68
2679,361222002#1,65.95,1.9
2680,361222002#2,35.45,0.84
2681,361222002#3,35.45,1.59
2682,361222003#0,0.0,0.09
2683,361222003#1,19.78,0.47
2684,361222003#10,80.79,4.02
2685,361222003#2,31.33,0.72
2686,361222003#3,49.46,1.08
2687,361222003#4,49.46,1.2
2688,361222003#5,65.95,1.9
2689,361222003#6,77.49,1.77
2690,361222003#7,79.96,2.3
2691,361222003#8,80.79,1.61
2692,361222003#9,80.79,1.6
2693,364547008#0,16.49,0.54
2694,364547008#1,16.49,0.71
2695,364547008#2,6.59,0.3
2696,364547008#3,6.59,0.21
2697,364547008#6,7.42,0.2
2698,364547008#7,6.59,0.31
2699,364547010#0,0.0,0
2700,364547010#1,0.0,0
2701,364547011,0.0,0
2702,364547013#0,0.0,0
2703,364547013#1,0.0,0
2704,364547013#2,0.0,0
2705,364547015,0.0,0
2706,364547017#0,0.0,0
2707,364547017#1,0.0,0
2708,364547017#2,0.0,0
2709,364547017#3,0.0,0
2710,364547019#0,0.0,0
2711,364547019#1,0.0,0
2712,364547019#2,0.0,0
2713,364547019#3,0.0,0
2714,364548798#0,0.0,0
2715,364548798#1,0.0,0
2716,364548798#10,0.0,0
2717,364548798#2,0.0,0
2718,364548798#3,0.0,0
2719,364548798#4,0.0,0
2720,364548798#5,0.0,0
2721,364548798#6,0.0,0
2722,364548798#7,0.0,0
2723,364548798#8,0.0,0
2724,364548798#9,0.0,0
2725,364548799#0,0.0,0
2726,364548799#1,0.0,0
2727,364548799#2,0.0,0
2728,364548799#3,0.0,0
2729,364548799#4,0.0,0
2730,364548799#5,0.0,0
2731,364548799#6,0.0,0
2732,364548799#7,0.0,0
2733,364548800,0.0,0
2734,364548801,0.0,0
2735,364548802#0,0.0,0
2736,364548802#1,0.0,0
2737,364548803#1,0.0,0
2738,364548804,0.0,0
2739,364548805#0,0.0,0
2740,364548805#1,0.0,0
2741,364548806#0,0.0,0
2742,364548806#1,0.0,0
2743,364548806#2,0.0,0
2744,364548806#3,0.0,0
2745,364548807#0,0.0,0
2746,364548807#1,0.0,0
2747,364548807#2,0.0,0
2748,364548807#3,0.0,0
2749,364551819,0.0,0
2750,364560413#0,0.0,0
2751,364560413#1,0.0,0
2752,364560414#0,0.0,0
2753,364560414#1,0.0,0
2754,364560415#0,0.0,0
2755,364560415#1,0.0,0
2756,364560415#2,0.0,0
2757,364560415#3,0.0,0
2758,364560416,0.0,0
2759,364561794,0.0,0
2760,364561795,0.0,0
2761,364561797#0,0.0,0
2762,364561797#1,0.0,0
2763,364573806,7.42,0.17
2764,364573807#0,9.07,0.2
2765,364573807#1,8.24,0.39
2766,379617533,0.0,0
2767,389318889#0,6.59,0.18
2768,389318889#1,6.59,0.2
2769,389318890#1,20.61,0.47
2770,389318890#4,43.69,2.62
2771,389592117#0,0.0,0
2772,389592117#1,0.0,0
2773,389592117#2,0.0,0
2774,389592520#0,29.68,0.9
2775,389592520#1,34.62,1.56
2776,389592520#2,12.37,0.37
2777,389601325#0,0.0,0
2778,389601325#1,0.0,0
2779,389609334#0,0.0,0
2780,389609334#1,0.0,0
2781,389609334#2,0.0,0
2782,389609335#1,0.0,0
2783,389609335#2,0.0,0
2784,389609335#3,0.0,0
2785,389609336#0,0.0,0
2786,389609336#1,0.0,0
2787,389609337#0,0.0,0
2788,389609337#1,0.0,0
2789,389609337#2,0.0,0
2790,389609338,0.0,0
2791,389609339,0.0,0
2792,389609343#0,0.0,0
2793,389609343#1,0.0,0
2794,389609343#2,0.0,0
2795,389609344,0.0,0
2796,389609346#1,0.0,0
2797,389609346#2,0.0,0
2798,389609346#3,0.0,0
2799,389609346#4,0.0,0
2800,389609347#0,0.0,0
2801,389609347#1,0.0,0
2802,389609348,0.0,0
2803,389611700#0,0.0,0
2804,389611700#2,0.0,0
2805,389611701#0,0.0,0
2806,389611701#1,0.0,0
2807,389621489#1,4.95,0.17
2808,389621489#2,4.95,0.21
2809,389621489#3,4.12,0.14
2810,389621489#4,3.3,0.3
2811,389625374#0,0.0,0
2812,389625374#1,0.0,0
2813,389625374#2,0.0,0
2814,389625375#0,0.0,0
2815,389625375#1,0.0,0
2816,389625375#2,0.0,0
2817,389625375#3,0.0,0
2818,389625375#4,0.0,0
2819,389625375#5,0.0,0
2820,389625375#6,0.0,0
2821,389625377#0,0.0,0
2822,389625377#1,0.0,0
2823,389625377#2,0.0,0
2824,389625377#3,0.0,0
2825,389625377#4,0.0,0
2826,389625377#5,0.0,0
2827,389625378,0.0,0
2828,389625379,0.0,0
2829,389625381,0.0,0
2830,389625382#0,0.0,0
2831,389625382#1,0.0,0
2832,389625383,0.0,0
2833,389625384,0.0,0
2834,389625385#0,0.0,0
2835,389625385#1,0.0,0
2836,389625386#1,0.0,0
2837,389625387#1,0.0,0
2838,389625387#2,0.0,0
2839,389625387#3,0.0,0
2840,389625387#4,0.0,0
2841,389625388,0.0,0
2842,389625389#0,0.0,0
2843,389625389#1,0.0,0
2844,389625389#2,0.0,0
2845,389625390#0,0.0,0
2846,389625390#1,0.0,0
2847,389625391#0,0.0,0
2848,389625391#1,0.0,0
2849,389625391#2,0.0,0
2850,389625392,0.0,0
2851,389625393#0,0.0,0
2852,389625393#1,0.0,0
2853,389625393#2,0.0,0
2854,389625393#3,0.0,0
2855,389627046,0.0,0
2856,389627047#0,0.0,0
2857,389627047#1,0.0,0
2858,389627048#0,0.0,0
2859,389627048#1,0.0,0
2860,389627048#2,0.0,0
2861,389627048#3,0.0,0
2862,389627049#0,0.0,0
2863,389627049#1,0.0,0
2864,389627049#2,0.0,0
2865,389627050#0,0.0,0
2866,389627050#1,0.0,0
2867,389627050#2,0.0,0
2868,389627050#3,0.0,0
2869,389627050#4,0.0,0
2870,389627050#5,0.0,0
2871,389628462,0.0,0
2872,389628463#0,0.0,0
2873,389628463#1,0.0,0
2874,389628464#0,0.0,0
2875,389628464#1,0.0,0
2876,389635686,0.0,0
2877,389635687,0.0,0
2878,389635689#0,0.0,0
2879,389635689#1,0.0,0
2880,389635690#0,0.0,0
2881,389635690#1,0.0,0
2882,389635690#2,0.0,0
2883,389635690#3,0.0,0
2884,389635690#4,0.0,0
2885,389635690#5,0.0,0
2886,389635690#6,0.0,0
2887,389635691,0.0,0
2888,389635692,0.0,0
2889,389635693#0,0.0,0
2890,389635693#1,0.0,0
2891,389635794,0.0,0
2892,389635795#0,0.0,0
2893,389635795#1,0.0,0
2894,389635795#2,0.0,0
2895,389705558,0.0,0
2896,389707144,0.0,0
2897,389708960,0.0,0
2898,437690574#0,0.0,0.09
2899,437690574#1,28.03,0.62
2900,437690574#2,32.15,0.67
2901,437690574#3,32.97,0.64
2902,474072152#0,33.8,0.61
2903,474072152#1,41.22,0.48
2904,474072162,41.22,0.44
2905,474072164,79.14,0.87
2906,474072165#0,46.99,1.02
2907,474072165#1,79.14,1.5
2908,474072165#2,122.01,4.77
2909,474072166#0,79.96,1.21
2910,474072166#1,51.11,0.92
2911,514049372#0,0.0,0.06
2912,514049373,0.0,0.14
2913,514049375#0,50.29,1.62
2914,514049375#2,46.99,1.45
2915,51724094#1,49.46,1.09
2916,51724094#2,37.1,0.96
2917,51724094#3,37.1,0.76
2918,51724096#0,43.69,1.55
2919,51724096#1,42.87,1.66
2920,51724096#3,43.69,1.81
2921,51724096#4,42.87,2.12
2922,51724096#5,147.56,4.22
2923,51724096#6,148.39,6.48
2924,51724096#7,163.22,4.57
2925,51724096#8,164.87,4.37
2926,51724096#9,164.87,29.05
2927,51724097#1,4.95,0.1
2928,51724097#2,4.95,0.17
2929,51724098#0,23.08,0.61
2930,51724098#2,6.59,0.3
2931,51724099,13.19,0.54
2932,51724100#0,215.98,4.84
2933,51724100#1,215.16,6.63
2934,51724100#2,212.69,4.43
2935,51724102#0,0.0,0.13
2936,51724102#1,18.96,0.38
2937,51724102#2,24.73,0.43
2938,51724102#3,32.97,0.93
2939,51724105#0,142.62,110.52
2940,51724105#1,148.39,4.39
2941,51724105#3,161.58,5.54
2942,51724105#4,158.28,3.78
2943,548159331#0,0.0,0
2944,548159331#1,0.0,0
2945,548159331#2,0.0,0
2946,548159332,0.0,0
2947,575306219#0,7.42,0.66
2948,575306220#1,4.12,0.28
2949,575306221#0,0.0,0
2950,575306221#1,0.0,0
2951,575306222,0.0,0
2952,575306223,0.0,0
2953,575306224#0,0.0,0
2954,575306224#1,0.0,0
2955,575306225#0,0.0,0
2956,575306225#1,0.0,0
2957,575306225#2,0.0,0
2958,575306225#3,0.0,0
2959,575306225#4,0.0,0
2960,575306225#5,0.0,0
2961,575306225#6,0.0,0
2962,575306226,0.0,0
2963,575306227#0,4.95,0.46
2964,575306227#1,1.65,0.05
2965,575306228#0,0.0,0
2966,575306228#1,0.0,0
2967,575306228#2,0.0,0
2968,575306229#0,0.0,0
2969,575306229#1,0.0,0
2970,575306230#0,0.0,0
2971,575306230#1,0.0,0
2972,575306230#2,0.0,0
2973,575306552#0,0.0,0
2974,575306552#1,0.0,0
2975,575306554,0.0,0
2976,575311348,0.0,0
2977,575311350#1,0.0,0
2978,575311350#2,0.0,0
2979,575311352,0.0,0
2980,575311353#0,0.0,0
2981,575311353#1,0.0,0
2982,575311359#0,0.0,0
2983,575311359#1,0.0,0
2984,575317193#0,0.0,0
2985,575317193#1,0.0,0
2986,575317194,0.0,0
2987,575317195#1,0.0,0
2988,575317195#2,0.0,0
2989,575317196#0,0.0,0
2990,575317196#1,0.0,0
2991,575317196#2,0.0,0
2992,575317196#3,0.0,0
2993,575317196#4,0.0,0
2994,575317198,0.0,0
2995,575317199#0,0.0,0
2996,575317199#1,0.0,0
2997,575317199#10,0.0,0
2998,575317199#11,0.0,0
2999,575317199#12,0.0,0
3000,575317199#13,0.0,0
3001,575317199#14,0.0,0
3002,575317199#15,0.0,0
3003,575317199#16,0.0,0
3004,575317199#17,0.0,0
3005,575317199#2,0.0,0
3006,575317199#3,0.0,0
3007,575317199#4,0.0,0
3008,575317199#5,0.0,0
3009,575317199#6,0.0,0
3010,575317199#7,0.0,0
3011,575317199#8,0.0,0
3012,575317199#9,0.0,0
3013,575320067,0.0,0
3014,575369993,0.0,0
3015,575369994,0.0,0
3016,575369995,0.0,0
3017,575369996,0.0,0
3018,575369997#0,0.0,0
3019,575369997#1,0.0,0
3020,575369998,0.0,0
3021,575370000#0,0.0,0
3022,575370000#1,0.0,0
3023,575370000#2,0.0,0
3024,575370001#0,0.0,0
3025,575370001#1,0.0,0
3026,575370002,0.0,0
3027,575370003#0,0.0,0
3028,575370003#1,0.0,0
3029,575370003#2,0.0,0
3030,575370003#3,0.0,0
3031,575370003#4,0.0,0
3032,575370003#5,0.0,0
3033,575370003#6,0.0,0
3034,575370003#7,0.0,0
3035,575370004#0,0.0,0
3036,575370004#1,0.0,0
3037,575370004#2,0.0,0
3038,575370005,0.0,0
3039,575371317,0.0,0
3040,575371319#0,0.0,0
3041,575371319#1,0.0,0
3042,575371321,0.0,0
3043,575371322,0.0,0
3044,575371324,0.0,0
3045,575371325,0.0,0
3046,575371327,0.0,0
3047,575371328,0.0,0
3048,575371329,0.0,0
3049,575371330#0,0.0,0
3050,575371330#1,0.0,0
3051,575371331,0.0,0
3052,575371332,0.0,0
3053,575371333,0.0,0
3054,575371334#0,0.0,0
3055,575371334#1,0.0,0
3056,575371335#0,0.0,0
3057,575371335#1,0.0,0
3058,575371335#2,0.0,0
3059,575371336,0.0,0
3060,575371337,0.0,0
3061,575371338#0,0.0,0
3062,575371338#1,0.0,0
3063,575371339,0.0,0
3064,575371340,0.0,0
3065,575371341#0,0.0,0
3066,575371341#1,0.0,0
3067,575371342#0,0.0,0
3068,575371342#1,0.0,0
3069,575372502#0,0.0,0
3070,575372502#1,0.0,0
3071,575372504,0.0,0
3072,575372506,0.0,0
3073,575372508,0.0,0
3074,575372510#0,0.0,0
3075,575372510#1,0.0,0
3076,575372510#2,0.0,0
3077,575372510#3,0.0,0
3078,575372512#0,4.12,0.18
3079,575372512#1,2.47,0.08
3080,575372512#2,2.47,0.11
3081,575372512#3,4.95,0.18
3082,575372512#4,6.59,0.37
3083,575372973,0.0,0
3084,575372974#0,0.0,0
3085,575372974#1,0.0,0
3086,575372975,0.0,0
3087,575373679,0.0,0
3088,575373681,0.0,0
3089,575373683,0.0,0
3090,575373684#0,0.0,0
3091,575373684#1,0.0,0
3092,575373684#2,0.0,0
3093,575373684#3,0.0,0
3094,575373687#0,0.0,0
3095,575373687#1,0.0,0
3096,575373687#2,0.0,0
3097,575373687#3,0.0,0
3098,575373687#4,0.0,0
3099,575373687#5,0.0,0
3100,575373687#6,0.0,0
3101,575374586#0,0.0,0
3102,575374586#1,0.0,0
3103,575374587,0.0,0
3104,575374589#0,0.0,0
3105,575374589#1,0.0,0
3106,575389002,0.0,0
3107,575389178#1,1.65,0.15
3108,575389179,178.06,6.85
3109,575389180#1,187.13,10.15
3110,575389180#2,187.96,3.24
3111,575389180#3,189.6,2.98
3112,575389433,0.0,0
3113,575389434#0,0.0,0
3114,575389434#1,0.0,0
3115,575389435,0.0,0
3116,575389678#0,0.0,0
3117,575389678#1,0.0,0
3118,575389678#2,0.0,0
3119,575389678#3,0.0,0
3120,575389678#4,0.0,0
3121,575389678#5,0.0,0
3122,575389678#6,0.0,0
3123,575389678#7,0.0,0
3124,575389678#8,0.0,0
3125,575389678#9,0.0,0
3126,575390435,0.0,0
3127,575390437#0,0.0,0
3128,575390437#1,0.0,0
3129,575390438#0,0.0,0
3130,575390438#1,0.0,0
3131,575390441#0,0.0,0
3132,575390441#1,0.0,0
3133,575390443#0,0.0,0
3134,575390443#1,0.0,0
3135,575390992#0,0.0,0
3136,575390992#1,0.0,0
3137,575390992#2,0.0,0
3138,575390993,0.0,0
3139,575390994,132.72,2.63
3140,575390995#0,142.62,3.47
3141,575390995#1,140.14,7.26
3142,610337179#0,0.0,0
3143,610337179#1,0.0,0
3144,611602663,0.0,0
3145,611610487#0,0.0,0
3146,611610487#1,0.0,0
3147,611621553#0,0.0,0
3148,611621553#1,0.0,0
3149,611621554#1,0.0,0
3150,611621555#0,0.0,0
3151,611621555#1,0.0,0
3152,611621556#0,0.0,0
3153,611621556#1,0.0,0
3154,611621556#2,0.0,0
3155,611621557#0,0.0,0
3156,611621557#1,0.0,0
3157,611621558,0.0,0
3158,631627328,0.0,0
3159,631627329,0.0,0
3160,631627330,0.0,0
3161,631628541,0.0,0
3162,631628542,0.0,0
3163,631628753,0.0,0
3164,631629078#1,0.0,0
3165,631629079,0.0,0
3166,631629411,0.0,0
3167,631634872,3.3,0.08
3168,637038338#0,4.12,0.15
3169,637038338#1,3.3,0.1
3170,637038338#2,2.47,0.12
3171,637038338#3,4.95,0.16
3172,637038338#4,8.24,0.23
3173,637038338#5,6.59,0.15
3174,637038338#6,5.77,0.13
3175,637060474#0,0.0,0.2
3176,637060474#1,9.07,0.26
3177,637060474#2,30.5,0.89
3178,637060474#4,30.5,1.47
3179,682778149#0,0.0,0
3180,682778149#1,0.0,0
3181,682778149#2,0.0,0
3182,682778150#0,0.0,0
3183,682778150#1,0.0,0
3184,682778150#2,0.0,0
3185,682778151#0,0.0,0
3186,682778151#1,0.0,0
3187,682778151#2,0.0,0
3188,682778151#3,0.0,0
3189,682781421,0.0,0
3190,682782073,0.0,0
3191,682782074#0,0.0,0
3192,682782074#1,0.0,0
3193,682782074#2,0.0,0
3194,682782074#3,0.0,0
3195,682784907,0.0,0
3196,682784908,0.0,0
3197,682784909,0.0,0
3198,688535331#0,17.31,0.58
3199,688535331#1,8.24,0.36
3200,712076414#0,0.0,0.02
3201,712076414#1,3.3,0.26
3202,712076414#2,5.77,0.18
3203,712076414#3,4.12,0.29
3204,712076414#4,14.01,0.5
3205,724609205,0.0,0
3206,724609206,0.0,0
3207,748906477#1,166.52,3.64
3208,748906477#2,159.93,3.31
3209,748906477#3,157.45,3.79
3210,748906478#0,138.49,103.09
3211,748906478#1,137.67,3.25
3212,752304638#0,0.0,0
3213,752304638#1,0.0,0
3214,752304639#1,19.78,1.48
3215,752304640#1,19.78,1.23
3216,752304640#2,19.78,2.91
3217,754522151#0,0.0,0
3218,754522151#1,0.0,0
3219,754522151#2,0.0,0
3220,754522151#3,0.0,0
3221,754522152#0,0.0,0
3222,754522152#1,0.0,0
3223,754522152#2,0.0,0
3224,754522153#0,0.0,0
3225,754522153#1,0.0,0
3226,755795648,0.0,0
3227,755795649,0.0,0
3228,755795650,0.0,0
3229,755795651,0.0,0
3230,755804631,0.0,0
3231,755804632,0.0,0
3232,755804633#0,0.0,0
3233,755804633#1,0.0,0
3234,755804633#2,0.0,0
3235,755804634#1,0.0,0
3236,755804635,0.0,0
3237,756596351#0,0.82,0.12
3238,756596351#1,25.56,0.84
3239,756596351#2,21.43,0.9
3240,756596351#3,19.78,0.58
3241,756596351#4,23.91,0.76
3242,756596351#5,27.2,1.61
3243,761149834#0,0.0,0
3244,761149834#1,0.0,0
3245,761149835,0.0,0
3246,761183391,0.0,0
3247,761186294#0,0.0,0
3248,761186294#1,0.0,0
3249,761186294#2,0.0,0
3250,761186295#0,0.0,0
3251,761186295#1,0.0,0
3252,761186296#0,0.0,0
3253,761186296#1,0.0,0
3254,761186297,0.0,0
3255,765572299#0,0.0,0
3256,765572299#1,0.0,0
3257,765572299#2,0.0,0
3258,765572299#3,0.0,0
3259,765572300#0,0.0,0
3260,766263907#1,0.0,0
3261,766263907#2,0.0,0
3262,766263908#0,0.0,0
3263,766263908#1,0.0,0
3264,766263909#0,0.0,0
3265,766263909#1,0.0,0
3266,766263909#2,0.0,0
3267,766811706#0,0.0,0
3268,766811706#1,0.0,0
3269,766811706#2,0.0,0
3270,771278911,0.0,0
3271,771656196,0.0,0
3272,781773301#1,0.0,0
3273,800316007,0.0,0
3274,811850140,0.0,0
3275,826123710#0,0.0,0
3276,826123710#1,0.0,0
3277,826123710#2,0.0,0
3278,826123711#0,0.0,0
3279,826123711#1,0.0,0
3280,826123712#0,0.0,0
3281,826123712#1,0.0,0
3282,826123713,0.0,0
3283,827496239#1,0.0,0
3284,827496239#2,0.0,0
3285,827498887#0,0.0,0
3286,827498887#1,0.0,0
3287,827498888#0,0.0,0
3288,827498888#1,0.0,0
3289,827498889#0,0.0,0
3290,827498889#1,0.0,0
3291,827498891#0,0.0,0
3292,827498891#1,0.0,0
3293,827503946,0.0,0
3294,827503947#0,0.0,0
3295,827503947#1,0.0,0
3296,827503949#0,0.0,0
3297,827503949#1,0.0,0
3298,827503950#1,0.0,0
3299,827503951#0,0.0,0
3300,827503951#1,0.0,0
3301,827503951#2,0.0,0
3302,827503951#3,0.0,0
3303,827503952,0.0,0
3304,827503953#1,0.0,0
3305,827503954#0,0.0,0
3306,827503954#1,0.0,0
3307,827503955,0.0,0
3308,827503956#0,0.0,0
3309,827503956#1,0.0,0
3310,827503957,0.0,0
3311,827503958#0,0.0,0
3312,827503958#1,0.0,0
3313,827503959#1,0.0,0
3314,827503960,0.0,0
3315,827503961,0.0,0
3316,827503968,0.0,0
3317,827503980#0,0.0,0
3318,827503980#1,0.0,0
3319,827503980#2,0.0,0
3320,827503980#3,0.0,0
3321,827503981#1,0.0,0
3322,827503988#1,0.0,0
3323,827503989,0.0,0
3324,827503990,0.0,0
3325,827503991#1,0.0,0
3326,827503992#1,0.0,0
3327,827879058,0.0,0.03
3328,827879059,0.0,0
3329,827879494,0.0,0
3330,828242549,0.0,0
3331,828242550#1,0.0,0
3332,828242552#1,0.0,0
3333,828242554,0.0,0
3334,828242555#0,0.0,0
3335,828242555#1,0.0,0
3336,828242555#2,0.0,0
3337,828242557,0.0,0
3338,828242558#0,0.0,0
3339,828242558#1,0.0,0
3340,828242558#2,0.0,0
3341,828242558#3,0.0,0
3342,828242560,0.0,0
3343,828242561,0.0,0
3344,828242562#0,0.0,0
3345,828242562#1,0.0,0
3346,828242562#2,0.0,0
3347,828242562#3,0.0,0
3348,828242562#4,0.0,0
3349,828242563#0,0.0,0
3350,828242563#1,0.0,0
3351,828242565,0.0,0
3352,828242566#0,0.0,0
3353,828242566#1,0.0,0
3354,828242566#2,0.0,0
3355,828242566#3,0.0,0
3356,828242566#4,0.0,0
3357,828242566#5,0.0,0
3358,828242566#6,0.0,0
3359,828242567#0,0.0,0
3360,828242567#1,0.0,0
3361,828242568#1,0.0,0
3362,828242569#0,0.0,0
3363,828242569#1,0.0,0
3364,828242570,0.0,0
3365,828242571#1,0.0,0
3366,828242572,0.0,0
3367,828242574#1,0.0,0
3368,828242575#1,0.0,0
3369,828242577#1,0.0,0
3370,828242578#1,0.0,0
3371,828242578#2,0.0,0
3372,828242579#0,0.0,0
3373,828242579#1,0.0,0
3374,828242579#2,0.0,0
3375,828242582,0.0,0
3376,828242583,0.0,0
3377,828242584#1,0.0,0
3378,828242586,0.0,0
3379,838432450,0.0,0
3380,839212255#0,0.0,0
3381,839212255#1,0.0,0
3382,839212256,0.0,0
3383,846104439,0.0,0
3384,846104440,0.0,0
3385,846104441,0.0,0
3386,846104442#0,0.0,0
3387,846104442#1,0.0,0
3388,846104444#0,0.0,0
3389,846104444#1,0.0,0
3390,846104444#3,0.0,0
3391,846104445,0.0,0
3392,846104446#1,0.0,0
3393,846104447#0,0.0,0
3394,846104447#1,0.0,0
3395,846104448,0.0,0
3396,846104449#0,0.0,0
3397,846104449#1,0.0,0
3398,846104449#2,0.0,0
3399,846104449#3,0.0,0
3400,846104450,0.0,0
3401,846104451,0.0,0
3402,846419886#1,58.53,1.51
3403,846419886#2,58.53,1.2
3404,846419887#0,17.31,0.39
3405,846419887#2,6.59,0.11
3406,846419889#2,36.27,1.08
3407,846419890#1,57.71,1.2
3408,846419890#2,58.53,1.12
3409,846419890#3,61.83,1.53
3410,846419890#5,65.95,1.37
3411,846419890#6,68.42,1.87
3412,846419890#7,70.9,1.67
3413,846420359#0,0.0,0
3414,846420359#1,0.0,0
3415,846420359#3,0.0,0
3416,846420360#0,0.0,0
3417,846420360#1,0.0,0
3418,847499405,0.0,0
3419,868333058#0,0.0,0
3420,868333058#1,0.0,0
3421,868333059#0,0.0,0
3422,868333059#1,0.0,0
3423,868333060#0,0.0,0
3424,868333060#1,0.0,0
3425,868333060#2,0.0,0
3426,868333061#0,0.0,0
3427,868333061#1,0.0,0
3428,868333062#0,0.0,0
3429,868333062#1,0.0,0
3430,868333062#2,0.0,0
3431,868333062#3,0.0,0
3432,868333063#0,0.0,0
3433,868333063#1,0.0,0
3434,868333064#0,0.0,0
3435,868333064#1,0.0,0
3436,868333065#0,0.0,0
3437,868333065#1,0.0,0
3438,868333066#0,0.0,0
3439,868333066#1,0.0,0
3440,868333067#0,0.0,0
3441,868333067#1,0.0,0
3442,868333067#2,0.0,0
3443,868333067#3,0.0,0
3444,868333067#4,0.0,0
3445,868333068#0,0.0,0
3446,868333068#1,0.0,0
3447,868333068#2,0.0,0
3448,868333068#3,0.0,0
3449,868333069#0,0.0,0
3450,868333069#1,0.0,0
3451,868333069#2,0.0,0
3452,868333070#0,0.0,0
3453,868333070#2,0.0,0
3454,868333071#0,0.0,0
3455,868333071#1,0.0,0
3456,868333072#0,0.0,0
3457,868333072#1,0.0,0
3458,868333073,0.0,0
3459,868333074#1,0.0,0
3460,868333075,0.0,0
3461,868333077,0.0,0
3462,868333078#1,0.0,0
3463,868333079,0.0,0
3464,868333080#0,0.0,0
3465,868333080#1,0.0,0
3466,868333080#2,0.0,0
3467,868333082,0.0,0
3468,869791708#0,0.0,0
3469,869791708#1,0.0,0
3470,869791709#0,0.0,0
3471,869791709#1,0.0,0
3472,882225598#1,0.0,0
3473,895459370#0,0.0,0
3474,895459370#1,0.0,0
3475,895459371,0.0,0
3476,896413403#0,0.0,0
3477,896413403#1,0.0,0
3478,896413403#2,0.0,0
3479,896413404,0.0,0
3480,896413405,0.0,0
3481,896413406,0.0,0
3482,896463495#1,0.0,0
3483,896585371#0,0.0,0
3484,896585371#1,0.0,0
3485,896585371#2,0.0,0
3486,896585372,0.0,0
3487,896978417#0,0.0,0
3488,896978417#1,0.0,0
3489,896978417#2,0.0,0
3490,896978418,0.0,0
3491,896978419#1,0.0,0
3492,896978420,0.0,0
3493,896978421,0.0,0
3494,903775177,0.0,0
3495,903775178,0.0,0
3496,903775179,0.0,0
3497,903775180#0,0.0,0
3498,903775180#1,0.0,0
3499,903775180#2,0.0,0
3500,903775181,0.0,0
3501,903775182#0,0.0,0
3502,903775182#1,0.0,0
3503,903775183,0.0,0
3504,903775184#0,0.0,0
3505,903775184#1,0.0,0
3506,903775185,0.0,0
3507,903779412,0.0,0
3508,903779413,0.0,0
3509,903779414#0,0.0,0
3510,903779414#1,0.0,0
3511,903779414#2,0.0,0
3512,903826148,0.0,0
3513,903858689,0.0,0
3514,903858690,3.3,0.11
3515,903858691#0,0.0,0
3516,903858691#1,0.0,0
3517,903858691#2,0.0,0
3518,903858691#3,0.0,0
3519,903858691#4,0.0,0
3520,903858692#0,0.0,0
3521,903858692#1,0.0,0
3522,903858692#2,0.0,0
3523,903858693,0.0,0
3524,903858694,0.0,0
3525,903858695,0.0,0
3526,903858696,0.0,0
3527,903858697#0,0.0,0
3528,903858697#1,0.0,0
3529,903858697#2,0.0,0
3530,903858698#0,0.0,0
3531,903858698#1,0.0,0
3532,903858698#2,0.0,0
3533,903858699#0,0.0,0
3534,903858699#1,0.0,0
3535,903858700,0.0,0
3536,903858701,0.0,0
3537,903858707#0,0.0,0
3538,903858707#1,0.0,0
3539,903858708,0.0,0
3540,903858709,0.0,0
3541,903858710,0.0,0
3542,903858711,0.0,0
3543,903858712,0.0,0
3544,903858713,0.0,0
3545,903858714#0,0.0,0
3546,903858714#1,0.0,0
3547,903950804,0.0,0
3548,903950805,0.0,0
3549,903950806,0.0,0
3550,903950807,0.0,0
3551,903991250#0,0.0,0
3552,903991250#1,0.0,0
3553,903991250#2,0.0,0
3554,903991251,0.0,0
3555,903991252#0,0.0,0
3556,903991252#1,0.0,0
3557,904007339,0.0,0
3558,904007340#0,0.0,0
3559,904007340#1,0.0,0
3560,904007341,0.0,0
3561,904007342#0,0.0,0
3562,904007342#1,0.0,0
3563,904007342#2,0.0,0
3564,904007343,0.0,0
3565,904007344,0.0,0
3566,904016872#0,0.0,0
3567,904016872#1,0.0,0
3568,904016873#0,0.0,0
3569,904016873#1,0.0,0
3570,904016874,0.0,0
3571,904139728,0.0,0
3572,904399853#0,0.0,0
3573,904399853#1,0.0,0
3574,904399854,0.0,0
3575,904605180,0.0,0
3576,904605185#1,0.0,0
3577,904605187#0,0.0,0
3578,904605187#1,0.0,0
3579,904605187#2,0.0,0
3580,904605187#3,0.0,0
3581,904605187#4,0.0,0
3582,904605187#5,0.0,0
3583,904605187#6,0.0,0
3584,904605187#7,0.0,0
3585,904605188,0.0,0
3586,904605189,71.72,1.55
3587,904605192,36.27,0.97
3588,904605193#1,0.0,0
3589,904605194,0.0,0
3590,904605195,0.0,0
3591,904605196,0.0,0
3592,904607124#1,0.0,0
3593,904622812#0,51.93,1.99
3594,904622812#1,41.22,1.24
3595,904622812#2,40.39,1.8
3596,904622812#3,40.39,2.66
3597,904622812#4,46.16,1.65
3598,904622813#0,60.18,1.72
3599,904622813#1,61.0,3.57
3600,904622813#2,59.35,2.49
3601,904622814#0,145.09,4.95
3602,904622814#1,145.91,5.6
3603,904622814#2,143.44,10.99
3604,904622814#6,50.29,1.56
3605,904622814#7,50.29,1.32
3606,904622815#1,165.7,6.5
3607,904622816#0,9.89,0.42
3608,904622816#1,8.24,0.65
3609,904622816#2,7.42,0.34
3610,904622816#3,5.77,0.21
3611,904622817,30.5,0.8
3612,904622818#0,23.91,1.03
3613,904622818#1,23.08,0.83
3614,904622818#2,23.08,0.87
3615,904622818#3,23.08,3.09
3616,904622818#4,10.72,0.43
3617,904622818#5,9.89,0.4
3618,904622819,28.03,0.82
3619,904622820,0.0,0.4
3620,904622822#0,11.54,0.3
3621,904622822#1,13.19,0.3
3622,904622822#2,14.01,0.36
3623,904622822#3,18.96,0.38
3624,904622822#4,27.2,0.53
3625,904622822#5,29.68,0.61
3626,904622822#6,32.15,1.29
3627,904622823#0,3.3,0.22
3628,904622823#1,2.47,0.06
3629,904622823#2,4.12,0.34
3630,904905419,0.0,0
3631,904905420,0.0,0
3632,904925976,0.0,0
3633,904931978,0.0,0
3634,904945539,0.0,0
3635,904971643,0.0,0
3636,904986216,0.0,0
3637,904986217,0.0,0
3638,904986218#0,0.0,0
3639,904986218#1,0.0,0
3640,904986218#2,0.0,0
3641,904986219,0.0,0
3642,905122701,0.0,0
3643,905267658#0,0.0,0
3644,905267658#1,0.0,0
3645,905267658#2,0.0,0
3646,905267658#3,0.0,0
3647,905267659,0.0,0
3648,905267660#0,0.0,0
3649,905267660#1,0.0,0
3650,905267660#2,0.0,0
3651,905267660#3,0.0,0
3652,905267661#0,0.0,0
3653,905267661#1,0.0,0
3654,905267661#2,0.0,0
3655,905267662#0,0.0,0
3656,905267662#1,0.0,0
3657,905267662#2,0.0,0
3658,905267663#0,0.0,0
3659,905267663#1,0.0,0
3660,905267663#2,0.0,0
3661,905267663#3,0.0,0
3662,905267664#0,0.0,0
3663,905267664#1,0.0,0
3664,905267664#2,0.0,0
3665,905267665#0,0.0,0
3666,905267665#1,0.0,0
3667,905267666,0.0,0
3668,905270872#0,0.0,0
3669,905270872#1,0.0,0
3670,905270872#2,0.0,0
3671,905646840#0,47.81,17.66
3672,905646841#0,0.0,0
3673,905646841#1,0.0,0
3674,905646842#0,9.07,0.17
3675,905646842#1,10.72,0.67
3676,905789620,0.0,0
3677,906383521,2.47,0.05
3678,906383522#0,11.54,0.3
3679,906384969#0,0.0,0
3680,906384969#1,0.0,0
3681,906384970,0.0,0
3682,906384971,0.0,0
3683,906384972,0.0,0
3684,906403353,0.0,0
3685,906403354#1,0.0,0
3686,906405836#0,0.0,0
3687,906405836#1,0.0,0
3688,906405837#0,0.0,0
3689,906405837#1,0.0,0
3690,906405837#2,0.0,0
3691,906405837#3,0.0,0
3692,906405841,0.0,0
3693,906405842,0.0,0.03
3694,906405844,0.0,0.03
3695,906415642#0,0.0,0
3696,906415642#1,0.0,0
3697,906415647,0.0,0
3698,906415648,0.0,0
3699,906415649#0,0.0,0
3700,906415649#1,0.0,0
3701,906415649#2,0.0,0
3702,906415649#3,0.0,0
3703,906415649#4,0.0,0
3704,906415649#5,0.0,0
3705,906415650,0.0,0
3706,906415651,0.0,0
3707,906415653#1,0.0,0
3708,906415654#0,0.0,0
3709,906415654#1,0.0,0
3710,906415654#2,0.0,0
3711,906415654#3,0.0,0
3712,906415654#4,0.0,0
3713,906419457#0,0.0,0
3714,906419457#1,0.0,0
3715,906419458,0.0,0
3716,906419459#0,0.0,0
3717,906419459#1,0.0,0
3718,906419460#0,0.0,0
3719,906419460#1,0.0,0
3720,906419461#0,0.0,0.04
3721,906419461#1,3.3,0.33
3722,906419465#0,9.07,0.24
3723,906419465#1,7.42,0.22
3724,906419465#2,9.89,0.31
3725,906419465#3,9.07,0.53
3726,906419466#0,0.0,0
3727,906419466#1,0.0,0
3728,906419466#2,0.0,0
3729,906419466#3,0.0,0
3730,906419467#0,0.0,0
3731,906419467#1,0.0,0
3732,906419468#0,0.0,0
3733,906419468#1,0.0,0
3734,906419469#1,0.0,0
3735,906419469#2,0.0,0
3736,906419469#3,0.0,0
3737,906419469#4,0.0,0
3738,906419469#5,0.0,0
3739,906420784,3.3,0.08
3740,906420786#0,0.0,0
3741,906420786#1,0.0,0
3742,906420787#0,0.0,0
3743,906420787#1,0.0,0
3744,906420788#0,0.0,0
3745,906420788#1,0.0,0
3746,906420789#0,0.0,0
3747,906420789#1,0.0,0
3748,906420789#2,0.0,0
3749,906420790#1,0.0,0
3750,906420791,0.0,0
3751,906425993#0,47.81,0.99
3752,906425993#1,47.81,0.95
3753,906425993#2,47.81,1.27
3754,906425993#3,45.34,0.9
3755,906425993#4,42.87,1.68
3756,906425994,107.99,2.53
3757,906425996,0.0,0
3758,906425997#1,0.0,0
3759,906427581,0.0,0
3760,906427582#0,0.0,0
3761,906427583,33.8,1.83
3762,906431116,0.0,0.07
3763,906700195,129.43,2.69
3764,906700197#1,10.72,0.48
3765,906700198#1,70.9,1.77
3766,906700198#2,69.25,2.39
3767,906700199#0,33.8,1.55
3768,906700199#1,35.45,1.44
3769,906700199#2,34.62,2.11
3770,906700200#1,16.49,1.34
3771,906700200#10,16.49,0.38
3772,906700200#2,16.49,0.68
3773,906700200#3,16.49,0.67
3774,906700200#4,14.01,0.45
3775,906700200#5,14.84,0.57
3776,906700200#6,16.49,0.54
3777,906700200#7,17.31,0.62
3778,906700200#8,17.31,0.52
3779,906700200#9,18.96,0.67
3780,906700206#0,61.0,1.43
3781,906700206#1,65.12,1.77
3782,906700206#2,72.54,1.84
3783,906700206#3,73.37,1.88
3784,906700206#4,76.67,2.89
3785,906700206#5,76.67,4.41
3786,906700207#0,108.82,2.14
3787,906700207#1,107.17,4.17
3788,906700208#0,77.49,1.52
3789,906700208#1,78.31,1.56
3790,906700208#2,79.14,1.88
3791,906700208#3,79.14,1.63
3792,906700208#4,78.31,1.56
3793,906700208#5,108.82,2.49
3794,906700208#7,107.17,2.93
3795,906700209#0,3.3,0.29
3796,906700209#1,4.12,0.38
3797,906700209#2,10.72,0.64
3798,906700211,168.99,3.3
3799,906700212,18.14,1.05
3800,906700213#1,14.84,1.75
3801,906700214,185.48,4.87
3802,906700215#0,144.26,3.19
3803,906700215#1,151.68,4.07
3804,906700215#2,150.03,41.12
3805,906700217,19.78,1.78
3806,906839016#0,40.39,1.02
3807,906839016#1,39.57,2.59
3808,906839017#2,90.68,1.97
3809,906839018#0,13.19,22.65
3810,906839018#1,19.78,0.71
3811,906844744,28.03,0.81
3812,906844748#0,5.77,0.2
3813,906844748#1,5.77,0.16
3814,906844749#0,50.29,2.28
3815,906844749#1,29.68,1.3
3816,906844750#1,11.54,0.35
3817,906844750#2,23.91,0.68
3818,906856904,178.06,27.21
3819,906856905,87.38,18.48
3820,906858876#0,141.79,4.96
3821,906858876#1,142.62,3.32
3822,906858877#0,150.86,4.24
3823,906862821#1,0.0,0
3824,906862822,12.37,0.7
3825,906939330,38.75,1.76
3826,906939331,63.48,2.8
3827,906939350,0.0,0.2
3828,906939351#0,32.15,0.55
3829,906939351#1,37.92,0.64
3830,906939351#2,41.22,0.96
3831,906939352#0,9.89,0.31
3832,906939352#1,4.12,0.18
3833,906939353#0,47.81,1.06
3834,906939353#1,56.06,1.86
3835,906939354,0.0,0.09
3836,906939355,0.0,0.03
3837,906939356,5.77,0.17
3838,906939357#0,22.26,0.54
3839,906939357#2,24.73,0.62
3840,906939357#3,29.68,0.92
3841,906939357#4,29.68,0.7
3842,906939357#5,30.5,1.02
3843,906939357#6,30.5,0.92
3844,906939358#0,28.03,1.03
3845,906939358#1,27.2,0.76
3846,906939358#2,26.38,1.23
3847,906939358#3,24.73,2.26
3848,906939358#4,23.91,31.64
3849,906939358#5,23.91,25.88
3850,906939358#6,21.43,0.6
3851,906939358#7,23.91,1.83
3852,906939359,150.03,4.04
3853,906939360,111.29,2.54
3854,906939361,9.07,0.32
3855,906939362,4.12,0.13
3856,906939363,4.95,0.18
3857,906939364,9.07,0.26
3858,906939365#2,9.89,0.34
3859,906939365#3,9.89,0.39
3860,906941962,0.0,0
3861,906941963,0.0,0
3862,907113119,0.0,0
3863,907120292#0,0.0,0
3864,907120292#1,0.0,0
3865,907120293#0,0.0,0
3866,907120293#1,0.0,0
3867,907120293#10,0.0,0
3868,907120293#11,0.0,0
3869,907120293#12,0.0,0
3870,907120293#13,0.0,0
3871,907120293#14,0.0,0
3872,907120293#15,0.0,0
3873,907120293#16,0.0,0
3874,907120293#17,0.0,0
3875,907120293#18,0.0,0
3876,907120293#2,0.0,0
3877,907120293#3,0.0,0
3878,907120293#4,0.0,0
3879,907120293#5,0.0,0
3880,907120293#6,0.0,0
3881,907120293#7,0.0,0
3882,907120293#8,0.0,0
3883,907120293#9,0.0,0
3884,907120294#0,0.0,0
3885,907120294#1,0.0,0
3886,907120295,0.0,0
3887,907120296#0,0.0,0
3888,907120296#1,0.0,0
3889,907120297,0.0,0
3890,907120298#0,0.0,0
3891,907120298#1,0.0,0
3892,907120302,0.0,0
3893,907123593#1,0.0,0
3894,907123594#1,0.0,0
3895,907123595#0,0.0,0
3896,907123595#1,0.0,0
3897,907123596#0,0.0,0
3898,907123596#1,0.0,0
3899,907123597,0.0,0
3900,907123599#1,0.0,0
3901,907123601#1,0.0,0
3902,907123603#1,0.0,0
3903,907123605#1,0.0,0
3904,907123607#1,0.0,0
3905,907124732#1,0.0,0
3906,908942267#1,156.63,11.6
3907,911248048,112.11,3.57
3908,911248049#0,21.43,0.64
3909,911248049#1,22.26,0.79
3910,911248050#0,6.59,0.27
3911,911248050#1,6.59,0.55
3912,911251945#0,13.19,0.37
3913,911251945#1,18.14,1.26
3914,911258378#0,41.22,1.2
3915,911258378#1,44.52,1.21
3916,911258378#2,45.34,1.61
3917,911258378#3,46.16,1.37
3918,911258378#4,47.81,1.53
3919,911258378#5,46.99,2.71
3920,911258379#0,9.07,0.33
3921,911258379#1,11.54,0.33
3922,911258379#2,9.89,0.75
3923,911258380#0,4.12,0.12
3924,911258380#2,4.95,0.15
3925,911258380#3,6.59,0.25
3926,911258380#4,3.3,0.17
3927,911258380#5,4.95,0.15
3928,912613952#0,3.3,0.29
3929,912613952#1,4.95,0.65
3930,912613953#0,6.59,0.27
3931,912613953#1,8.24,0.53
3932,912613969#0,16.49,0.52
3933,917237319#0,0.0,0
3934,917237319#1,0.0,0
3935,917237320#0,0.0,0
3936,917237320#1,0.0,0
3937,917237320#2,0.0,0
3938,917237320#3,0.0,0
3939,917237321#0,0.0,0
3940,917237321#1,0.0,0
3941,917237321#2,0.0,0
3942,917237322#0,0.0,0
3943,917237322#1,0.0,0
3944,917237322#2,0.0,0
3945,917237322#3,0.0,0
3946,917237322#4,0.0,0
3947,917237323#0,0.0,0
3948,917237323#1,0.0,0
3949,917237323#10,0.0,0
3950,917237323#11,0.0,0
3951,917237323#12,0.0,0
3952,917237323#13,0.0,0
3953,917237323#2,0.0,0
3954,917237323#3,0.0,0
3955,917237323#4,0.0,0
3956,917237323#5,0.0,0
3957,917237323#6,0.0,0
3958,917237323#7,0.0,0
3959,917237323#8,0.0,0
3960,917237323#9,0.0,0
3961,917237324#0,0.0,0
3962,917237324#1,0.0,0
3963,917237325#1,0.0,0
3964,917237325#2,0.0,0
3965,917237325#3,0.0,0
3966,917237325#4,0.0,0
3967,917237326#1,0.0,0
3968,917237326#2,0.0,0
3969,917237326#4,0.0,0
3970,917237326#5,0.0,0
